score_key,eta2,f1,accuracy,precision,recall,specificity,balanced_accuracy,direction,threshold,tp,fp,tn,fn,n,c26_mean,c00_mean
entry_alignment_score_mean,0.06315971826852937,0.7216494845360825,0.6351351351351351,0.5833333333333334,0.9459459459459459,0.32432432432432434,0.6351351351351351,low_is_2.6,0.6779770331598836,35,25,12,2,74,0.6043909753317099,0.6392507327430709
entry_alignment_score_high_low_ratio_0_9_0_5,0.053838220483218,0.7184466019417475,0.6081081081081081,0.5606060606060606,1.0,0.21621621621621623,0.6081081081081081,low_is_2.6,1.4166666594583335,37,29,8,0,74,0.7669884145299016,1.1643500572152712
entry_alignment_score_min,0.05881543901511137,0.7157894736842105,0.6351351351351351,0.5862068965517241,0.918918918918919,0.35135135135135137,0.6351351351351352,low_is_2.6,0.1671193242602586,34,24,13,3,74,0.06211451026141689,0.11682032981686438
entry_alignment_score_high_low_gap_0_9_0_5,0.03393500611492636,0.7142857142857142,0.6216216216216216,0.5737704918032787,0.9459459459459459,0.2972972972972973,0.6216216216216216,low_is_2.6,0.07417582417582419,35,26,11,2,74,-0.10593010593010593,-0.04641413391413391
entry_alignment_score_low_high_gap_0_5_0_9,0.03393500611492636,0.7142857142857142,0.6216216216216216,0.5737704918032787,0.9459459459459459,0.2972972972972973,0.6216216216216216,high_is_2.6,-0.07417582417582419,35,26,11,2,74,0.10593010593010593,0.04641413391413391
phase_demandanalysis_mean,0.031598986879169594,0.7115384615384616,0.5945945945945946,0.5522388059701493,1.0,0.1891891891891892,0.5945945945945946,low_is_2.6,0.7638376515147052,37,30,7,0,74,0.4381101520668095,0.5020152243681822
phase_demandanalysis_low_rate_0_5,0.029312753705927393,0.7115384615384616,0.5945945945945946,0.5522388059701493,1.0,0.1891891891891892,0.5945945945945946,high_is_2.6,0.2361111111111111,37,30,7,0,74,0.5598631098631098,0.49633633633633634
entry_alignment_score_q75,0.03439690705034094,0.7096774193548389,0.6351351351351351,0.5892857142857143,0.8918918918918919,0.3783783783783784,0.6351351351351351,low_is_2.6,0.9680208886296029,33,23,14,4,74,0.8706199380160996,0.9049584479884258
alignment_score_min,0.03515395649256265,0.7083333333333333,0.6216216216216216,0.576271186440678,0.918918918918919,0.32432432432432434,0.6216216216216217,low_is_2.6,0.0,34,25,12,3,74,1.435722364362024e-10,1.2522683831155006e-09
entry_alignment_score_high_low_ratio_0_8_0_2,0.06616439582239257,0.7010309278350515,0.6081081081081081,0.5666666666666667,0.918918918918919,0.2972972972972973,0.6081081081081081,low_is_2.6,6.999999905000001,34,26,11,3,74,29106031.429002058,111850314.12508659
phase_codereviewcomment_min,0.015076751437101004,0.7000000000000001,0.5945945945945946,0.5555555555555556,0.9459459459459459,0.24324324324324326,0.5945945945945946,low_is_2.6,3.1445970523186056e-05,35,28,9,2,74,3.019202599769135e-05,0.017686067126711783
role_code_reviewer_min,0.015076751437101004,0.7000000000000001,0.5945945945945946,0.5555555555555556,0.9459459459459459,0.24324324324324326,0.5945945945945946,low_is_2.6,3.1445970523186056e-05,35,28,9,2,74,3.019202599769135e-05,0.017686067126711783
entry_alignment_score_high_low_gap_0_8_0_2,0.07850670219982767,0.6981132075471698,0.5675675675675675,0.5362318840579711,1.0,0.13513513513513514,0.5675675675675675,low_is_2.6,0.4807692307692308,37,32,5,0,74,0.19066429066429066,0.2748935748935749
entry_alignment_score_low_high_gap_0_2_0_8,0.07850670219982767,0.6981132075471698,0.5675675675675675,0.5362318840579711,1.0,0.13513513513513514,0.5675675675675675,high_is_2.6,-0.4807692307692308,37,32,5,0,74,-0.19066429066429066,-0.2748935748935749
entry_alignment_score_low_rate_0_2,0.04315769315351749,0.6938775510204082,0.5945945945945946,0.5573770491803278,0.918918918918919,0.2702702702702703,0.5945945945945946,high_is_2.6,0.03571428571428571,34,27,10,3,74,0.15008415008415008,0.11224878724878726
entry_alignment_score_high_rate_0_2,0.04315769315351748,0.6938775510204082,0.5945945945945946,0.5573770491803278,0.918918918918919,0.2702702702702703,0.5945945945945946,low_is_2.6,0.9642857142857143,34,27,10,3,74,0.8499158499158499,0.8877512127512127
phase_languagechoose_min,0.01369929533159032,0.6930693069306929,0.581081081081081,0.546875,0.9459459459459459,0.21621621621621623,0.5810810810810811,high_is_2.6,0.9999994953982583,35,29,8,2,74,0.9999997332760798,0.9755491405602197
role_chief_technology_officer_min,0.01369929533159032,0.6930693069306929,0.581081081081081,0.546875,0.9459459459459459,0.21621621621621623,0.5810810810810811,high_is_2.6,0.9999994953982583,35,29,8,2,74,0.9999997332760798,0.9755491405602197
alignment_score_high_low_ratio_0_9_0_5,0.006234523134896282,0.6930693069306929,0.581081081081081,0.546875,0.9459459459459459,0.21621621621621623,0.5810810810810811,low_is_2.6,2.533333324020277,35,29,8,2,74,1.5523645707718678,1.7032886800116018
alignment_score_high_rate_0_5,0.003009345758808128,0.6930693069306929,0.581081081081081,0.546875,0.9459459459459459,0.21621621621621623,0.5810810810810811,low_is_2.6,0.7302196001311045,35,29,8,2,74,0.6162472532122278,0.6274545731728955
alignment_score_low_rate_0_5,0.003009345758808128,0.6930693069306929,0.581081081081081,0.546875,0.9459459459459459,0.21621621621621623,0.5810810810810811,high_is_2.6,0.26978039986889546,35,29,8,2,74,0.38375274678777216,0.37254542682710445
entry_alignment_score_high_low_gap_0_7_0_3,0.036574310840651846,0.6923076923076924,0.5675675675675675,0.5373134328358209,0.972972972972973,0.16216216216216217,0.5675675675675675,low_is_2.6,0.4285714285714286,36,31,6,1,74,0.23313533313533313,0.2956934956934957
entry_alignment_score_low_high_gap_0_3_0_7,0.036574310840651846,0.6923076923076924,0.5675675675675675,0.5373134328358209,0.972972972972973,0.16216216216216217,0.5675675675675675,high_is_2.6,-0.44505494505494503,36,31,6,1,74,-0.23313533313533313,-0.2956934956934957
phase_codereviewmodification_mean,5.9495868896031845e-05,0.6923076923076924,0.5675675675675675,0.5373134328358209,0.972972972972973,0.16216216216216217,0.5675675675675675,high_is_2.6,0.300885731890453,36,31,6,1,74,0.5542253252680671,0.5513620701472886
role_chief_product_officer_mean,0.03980922921680912,0.691588785046729,0.5540540540540541,0.5285714285714286,1.0,0.10810810810810811,0.5540540540540541,low_is_2.6,0.7773615485579484,37,33,4,0,74,0.6047761378643822,0.6456292423009522
entry_alignment_score_q25,0.028911624567957057,0.6888888888888889,0.6216216216216216,0.5849056603773585,0.8378378378378378,0.40540540540540543,0.6216216216216216,low_is_2.6,0.4945742165519431,31,22,15,6,74,0.3681242268850267,0.41364180426449493
phase_codereviewmodification_low_rate_0_5,0.00016104487550413775,0.6874999999999999,0.5945945945945946,0.559322033898305,0.8918918918918919,0.2972972972972973,0.5945945945945946,high_is_2.6,0.24025974025974026,33,26,11,4,74,0.4376745009323973,0.4326929457455915
phase_manual_low_rate_0_5,0.006319443569967131,0.6868686868686869,0.581081081081081,0.5483870967741935,0.918918918918919,0.24324324324324326,0.5810810810810811,high_is_2.6,0.19090909090909092,34,28,9,3,74,0.298958547100962,0.2789926714926715
role_programmer_low_rate_0_5,0.0006577317482694139,0.6868686868686869,0.581081081081081,0.5483870967741935,0.918918918918919,0.24324324324324326,0.5810810810810811,high_is_2.6,0.24285977519808366,34,28,9,3,74,0.38146548451579504,0.3742718985537112
entry_alignment_score_high_rate_0_7,0.043832720756570645,0.6862745098039216,0.5675675675675675,0.5384615384615384,0.9459459459459459,0.1891891891891892,0.5675675675675675,low_is_2.6,0.6076923076923078,35,30,7,2,74,0.4386694386694387,0.48714772464772466
entry_alignment_score_low_rate_0_7,0.04383272075657064,0.6862745098039216,0.5675675675675675,0.5384615384615384,0.9459459459459459,0.1891891891891892,0.5675675675675675,high_is_2.6,0.39230769230769236,35,30,7,2,74,0.5613305613305614,0.5128522753522754
phase_languagechoose_mean,0.013699976319834427,0.6862745098039216,0.5675675675675675,0.5384615384615384,0.9459459459459459,0.1891891891891892,0.5675675675675675,high_is_2.6,0.9999994953982583,35,30,7,2,74,0.9999997527029914,0.9877741578774498
role_chief_technology_officer_mean,0.013699976319834427,0.6862745098039216,0.5675675675675675,0.5384615384615384,0.9459459459459459,0.1891891891891892,0.5675675675675675,high_is_2.6,0.9999994953982583,35,30,7,2,74,0.9999997527029914,0.9877741578774498
alignment_score_high_low_gap_0_6_0_4,0.0023453167276319235,0.6862745098039216,0.5675675675675675,0.5384615384615384,0.9459459459459459,0.1891891891891892,0.5675675675675675,low_is_2.6,0.46806538591169533,35,30,7,2,74,0.22340410668484173,0.24314462558798824
alignment_score_low_high_gap_0_4_0_6,0.0023453167276319235,0.6862745098039216,0.5675675675675675,0.5384615384615384,0.9459459459459459,0.1891891891891892,0.5675675675675675,high_is_2.6,-0.46806538591169533,35,30,7,2,74,-0.22340410668484173,-0.24314462558798824
alignment_score_high_rate_0_6,0.002085377422958135,0.6862745098039216,0.5675675675675675,0.5384615384615384,0.9459459459459459,0.1891891891891892,0.5675675675675675,low_is_2.6,0.7264071452645771,35,30,7,2,74,0.5966098323709447,0.6060046518454417
alignment_score_low_rate_0_6,0.002085377422958135,0.6862745098039216,0.5675675675675675,0.5384615384615384,0.9459459459459459,0.1891891891891892,0.5675675675675675,high_is_2.6,0.273592854735423,35,30,7,2,74,0.40339016762905533,0.3939953481545583
entry_alignment_score_q10,0.029110121725216712,0.6857142857142857,0.5540540540540541,0.5294117647058824,0.972972972972973,0.13513513513513514,0.5540540540540541,low_is_2.6,0.4413421059252515,36,32,5,1,74,0.18294025946270237,0.2342692311858097
alignment_score_high_rate_0_9,0.0016716268438192472,0.6857142857142857,0.5540540540540541,0.5294117647058824,0.972972972972973,0.13513513513513514,0.5540540540540541,low_is_2.6,0.7039096730704415,36,32,5,1,74,0.5223305317449836,0.5314511910507377
alignment_score_low_rate_0_9,0.0016716268438192272,0.6857142857142857,0.5540540540540541,0.5294117647058824,0.972972972972973,0.13513513513513514,0.5540540540540541,high_is_2.6,0.2960903269295585,36,32,5,1,74,0.47766946825501644,0.4685488089492624
role_chief_product_officer_low_rate_0_5,0.03337119297114415,0.6804123711340206,0.581081081081081,0.55,0.8918918918918919,0.2702702702702703,0.5810810810810811,high_is_2.6,0.2746153846153846,33,27,10,4,74,0.39068465710083367,0.3523878293912134
entry_alignment_score_high_rate_0_9,0.020227291684877236,0.6804123711340206,0.581081081081081,0.55,0.8918918918918919,0.2702702702702703,0.5810810810810811,low_is_2.6,0.38278388278388276,33,27,10,4,74,0.2616275616275616,0.2875066000066
entry_alignment_score_low_rate_0_9,0.020227291684877236,0.6804123711340206,0.581081081081081,0.55,0.8918918918918919,0.2702702702702703,0.5810810810810811,high_is_2.6,0.6172161172161172,33,27,10,4,74,0.7383724383724384,0.7124933999934
phase_coding_low_rate_0_5,0.006008383182021582,0.6804123711340206,0.581081081081081,0.55,0.8918918918918919,0.2702702702702703,0.5810810810810811,low_is_2.6,0.3981900452488688,33,27,10,4,74,0.1928011726097041,0.22793883664895914
alignment_score_q10,0.00369268560123973,0.6804123711340206,0.581081081081081,0.55,0.8918918918918919,0.2702702702702703,0.5810810810810811,low_is_2.6,0.0007693884582463824,33,27,10,4,74,0.004447262973719152,0.0021706081356285874
alignment_score_high_rate_0_8,0.0024405273083633948,0.68,0.5675675675675675,0.5396825396825397,0.918918918918919,0.21621621621621623,0.5675675675675675,low_is_2.6,0.6820431247790739,34,29,8,3,74,0.5530988464294361,0.5636774423878925
alignment_score_low_rate_0_8,0.0024405273083633943,0.68,0.5675675675675675,0.5396825396825397,0.918918918918919,0.21621621621621623,0.5675675675675675,high_is_2.6,0.3179568752209261,34,29,8,3,74,0.446901153570564,0.43632255761210753
entry_alignment_score_std,0.01676290553068727,0.6796116504854369,0.5540540540540541,0.5303030303030303,0.9459459459459459,0.16216216216216217,0.5540540540540541,high_is_2.6,0.24433881617009368,35,31,6,2,74,0.3141399687210838,0.3005268103137298
phase_manual_mean,0.01061335079249214,0.6796116504854369,0.5540540540540541,0.5303030303030303,0.9459459459459459,0.16216216216216217,0.5540540540540541,low_is_2.6,0.8525212127521602,35,31,6,2,74,0.6944179668291138,0.7194116624502092
alignment_score_q25,0.007839688683110444,0.6796116504854369,0.5540540540540541,0.5303030303030303,0.9459459459459459,0.16216216216216217,0.5540540540540541,low_is_2.6,0.45384109460053473,35,31,6,2,74,0.13590391003951036,0.18013142923319125
alignment_score_high_low_ratio_0_6_0_4,0.0057492172172679806,0.6796116504854369,0.5540540540540541,0.5303030303030303,0.9459459459459459,0.16216216216216217,0.5540540540540541,low_is_2.6,2.925757564030978,35,31,6,2,74,1.826252642055484,1.9893153764556597
alignment_score_std,0.0037852805595688095,0.6796116504854369,0.5540540540540541,0.5303030303030303,0.9459459459459459,0.16216216216216217,0.5540540540540541,high_is_2.6,0.3910443415617078,35,31,6,2,74,0.4338175751980739,0.42982112055388416
phase_coding_mean,0.003269178040947126,0.6796116504854369,0.5540540540540541,0.5303030303030303,0.9459459459459459,0.16216216216216217,0.5540540540540541,high_is_2.6,0.48813114556084675,35,31,6,2,74,0.7943248148179488,0.7691815715422335
alignment_score_high_low_ratio_0_7_0_3,0.0027580142436076376,0.6796116504854369,0.5540540540540541,0.5303030303030303,0.9459459459459459,0.16216216216216217,0.5540540540540541,low_is_2.6,2.9791666537099797,35,31,6,2,74,1.9047075061015717,2.0193177232003827
alignment_score_high_rate_0_4,0.0025672957866796358,0.6796116504854369,0.5540540540540541,0.5303030303030303,0.9459459459459459,0.16216216216216217,0.5540540540540541,low_is_2.6,0.7518805561887394,35,31,6,2,74,0.626794274313897,0.6371399737425465
alignment_score_low_rate_0_4,0.0025672957866796353,0.6796116504854369,0.5540540540540541,0.5303030303030303,0.9459459459459459,0.16216216216216217,0.5540540540540541,high_is_2.6,0.24811944381126053,35,31,6,2,74,0.37320572568610294,0.36286002625745345
alignment_score_high_low_gap_0_9_0_5,0.0023802674743418632,0.6796116504854369,0.5540540540540541,0.5303030303030303,0.9459459459459459,0.16216216216216217,0.5540540540540541,low_is_2.6,0.43298653610771115,35,31,6,2,74,0.13857778495721143,0.15890576422363317
alignment_score_low_high_gap_0_5_0_9,0.0023802674743418632,0.6796116504854369,0.5540540540540541,0.5303030303030303,0.9459459459459459,0.16216216216216217,0.5540540540540541,high_is_2.6,-0.43298653610771115,35,31,6,2,74,-0.13857778495721143,-0.15890576422363317
alignment_score_low_rate_0_1,0.001559039593972146,0.6796116504854369,0.5540540540540541,0.5303030303030303,0.9459459459459459,0.16216216216216217,0.5540540540540541,high_is_2.6,0.17939646831156264,35,31,6,2,74,0.3038237398570922,0.29611822377010805
alignment_score_high_rate_0_1,0.0015590395939721234,0.6796116504854369,0.5540540540540541,0.5303030303030303,0.9459459459459459,0.16216216216216217,0.5540540540540541,low_is_2.6,0.8206035316884374,35,31,6,2,74,0.6961762601429078,0.7038817762298919
entry_alignment_score_max,0.02111414368528114,0.6792452830188679,0.5405405405405406,0.5217391304347826,0.972972972972973,0.10810810810810811,0.5405405405405406,high_is_2.6,0.9999994953982583,36,33,4,1,74,0.9999998073037158,0.9999992131515982
entry_alignment_score_q50,0.01190505477364829,0.6792452830188679,0.5405405405405406,0.5217391304347826,0.972972972972973,0.10810810810810811,0.5405405405405406,high_is_2.6,0.4837675749380943,36,33,4,1,74,0.6499674086317238,0.6753602046669099
entry_alignment_score_high_low_ratio_0_7_0_3,0.009406953021856988,0.6792452830188679,0.5405405405405406,0.5217391304347826,0.972972972972973,0.10810810810810811,0.5405405405405406,low_is_2.6,7.999999887000001,36,33,4,1,74,10395013.015731094,29848532.881412704
role_chief_product_officer_min,0.002520190606323274,0.6792452830188679,0.5405405405405406,0.5217391304347826,0.972972972972973,0.10810810810810811,0.5405405405405406,low_is_2.6,4.6539563774411725e-09,36,33,4,1,74,1.8913528859132053e-09,2.8980706752918565e-09
alignment_score_high_rate_0_2,0.0008422126973884116,0.6792452830188679,0.5405405405405406,0.5217391304347826,0.972972972972973,0.10810810810810811,0.5405405405405406,low_is_2.6,0.8177447552447552,36,33,4,1,74,0.6705379484242135,0.6763875071919636
alignment_score_low_rate_0_2,0.0008422126973884115,0.6792452830188679,0.5405405405405406,0.5217391304347826,0.972972972972973,0.10810810810810811,0.5405405405405406,high_is_2.6,0.18225524475524474,36,33,4,1,74,0.32946205157578645,0.3236124928080364
role_programmer_mean,0.0001092442855112743,0.6792452830188679,0.5405405405405406,0.5217391304347826,0.972972972972973,0.10810810810810811,0.5405405405405406,low_is_2.6,0.8275212977010561,36,33,4,1,74,0.6102291614292531,0.6130549227446866
phase_codereviewcomment_low_rate_0_5,0.025013545809664296,0.6788990825688073,0.527027027027027,0.5138888888888888,1.0,0.05405405405405406,0.527027027027027,high_is_2.6,0.08781362007168458,37,35,2,0,74,0.5623778285001195,0.47445668031997107
role_code_reviewer_low_rate_0_5,0.025013545809664296,0.6788990825688073,0.527027027027027,0.5138888888888888,1.0,0.05405405405405406,0.527027027027027,high_is_2.6,0.08781362007168458,37,35,2,0,74,0.5623778285001195,0.47445668031997107
entry_alignment_score_high_low_gap_0_6_0_4,0.025011513343213106,0.6788990825688073,0.527027027027027,0.5138888888888888,1.0,0.05405405405405406,0.527027027027027,low_is_2.6,0.8076923076923077,37,35,2,0,74,0.263983763983764,0.3327979077979078
entry_alignment_score_low_high_gap_0_4_0_6,0.025011513343213106,0.6788990825688073,0.527027027027027,0.5138888888888888,1.0,0.05405405405405406,0.527027027027027,high_is_2.6,-0.8076923076923077,37,35,2,0,74,-0.263983763983764,-0.3327979077979078
entry_alignment_score_low_rate_0_6,0.021799415102570486,0.6788990825688073,0.527027027027027,0.5138888888888888,1.0,0.05405405405405406,0.527027027027027,high_is_2.6,0.18681318681318682,37,35,2,0,74,0.44525294525294523,0.40807799557799557
entry_alignment_score_high_rate_0_6,0.02179941510257042,0.6788990825688073,0.527027027027027,0.5138888888888888,1.0,0.05405405405405406,0.527027027027027,low_is_2.6,0.8131868131868132,37,35,2,0,74,0.5547470547470548,0.5919220044220044
entry_alignment_score_low_rate_0_5,0.021586534397906528,0.6788990825688073,0.527027027027027,0.5138888888888888,1.0,0.05405405405405406,0.527027027027027,high_is_2.6,0.11538461538461539,37,35,2,0,74,0.36755766755766756,0.3339207339207339
entry_alignment_score_high_rate_0_5,0.021586534397906525,0.6788990825688073,0.527027027027027,0.5138888888888888,1.0,0.05405405405405406,0.527027027027027,low_is_2.6,0.8846153846153846,37,35,2,0,74,0.6324423324423324,0.666079266079266
phase_demandanalysis_min,0.016538108171985522,0.6788990825688073,0.527027027027027,0.5138888888888888,1.0,0.05405405405405406,0.527027027027027,low_is_2.6,1.156741474146603e-06,37,35,2,0,74,3.6299981180538173e-09,6.429841002326206e-07
entry_alignment_score_high_low_ratio_0_6_0_4,8.091929572934055e-05,0.6741573033707865,0.6081081081081081,0.5769230769230769,0.8108108108108109,0.40540540540540543,0.6081081081081081,low_is_2.6,2.9999999865,30,22,15,7,74,20790022.988862477,23166026.137194313
alignment_score_mean,0.0018006783209955145,0.6732673267326733,0.5540540540540541,0.53125,0.918918918918919,0.1891891891891892,0.5540540540540541,low_is_2.6,0.7247949261366915,34,30,7,3,74,0.60992566590994,0.6182376560473382
alignment_score_low_rate_0_7,0.0010601386593614747,0.6732673267326733,0.5540540540540541,0.53125,0.918918918918919,0.1891891891891892,0.5540540540540541,high_is_2.6,0.29851537645811244,34,30,7,3,74,0.4245471985288191,0.4177262434775054
alignment_score_high_rate_0_7,0.0010601386593614573,0.6732673267326733,0.5540540540540541,0.53125,0.918918918918919,0.1891891891891892,0.5540540540540541,low_is_2.6,0.7014846235418876,34,30,7,3,74,0.5754528014711809,0.5822737565224946
alignment_score_high_low_gap_0_7_0_3,0.0009619797074779697,0.6732673267326733,0.5540540540540541,0.53125,0.918918918918919,0.1891891891891892,0.5540540540540541,low_is_2.6,0.4565217391304348,34,30,7,3,74,0.22682717453043652,0.23932885111520852
alignment_score_low_high_gap_0_3_0_7,0.0009619797074779697,0.6732673267326733,0.5540540540540541,0.53125,0.918918918918919,0.1891891891891892,0.5540540540540541,high_is_2.6,-0.4565217391304348,34,30,7,3,74,-0.22682717453043652,-0.23932885111520852
entry_alignment_score_high_rate_0_4,0.01891776699075014,0.673076923076923,0.5405405405405406,0.5223880597014925,0.9459459459459459,0.13513513513513514,0.5405405405405406,low_is_2.6,0.8901098901098901,35,32,5,2,74,0.7092367092367092,0.7408759033759034
entry_alignment_score_low_rate_0_4,0.01891776699075014,0.673076923076923,0.5405405405405406,0.5223880597014925,0.9459459459459459,0.13513513513513514,0.5405405405405406,high_is_2.6,0.10989010989010989,35,32,5,2,74,0.29076329076329077,0.25912409662409663
alignment_score_high_low_ratio_0_8_0_2,0.0035204578116683058,0.673076923076923,0.5405405405405406,0.5223880597014925,0.9459459459459459,0.13513513513513514,0.5405405405405406,low_is_2.6,3.7934782405788994,35,32,5,2,74,1.957934433580623,2.0956849426439232
alignment_score_high_low_gap_0_8_0_2,0.0016862270888171884,0.673076923076923,0.5405405405405406,0.5223880597014925,0.9459459459459459,0.13513513513513514,0.5405405405405406,low_is_2.6,0.5059159526723787,35,32,5,2,74,0.22363679485364962,0.24006494957985608
alignment_score_low_high_gap_0_2_0_8,0.0016862270888171884,0.673076923076923,0.5405405405405406,0.5223880597014925,0.9459459459459459,0.13513513513513514,0.5405405405405406,high_is_2.6,-0.5059159526723787,35,32,5,2,74,-0.22363679485364962,-0.24006494957985608
alignment_score_high_rate_0_3,0.0007924506910329369,0.673076923076923,0.5405405405405406,0.5223880597014925,0.9459459459459459,0.13513513513513514,0.5405405405405406,low_is_2.6,0.7899483693876217,35,32,5,2,74,0.6513743730592556,0.6570550945927139
alignment_score_low_rate_0_3,0.0007924506910329213,0.673076923076923,0.5405405405405406,0.5223880597014925,0.9459459459459459,0.13513513513513514,0.5405405405405406,high_is_2.6,0.21005163061237828,35,32,5,2,74,0.34862562694074434,0.34294490540728606
entry_alignment_score_high_rate_0_3,0.004595895961961759,0.6728971962616821,0.527027027027027,0.5142857142857142,0.972972972972973,0.08108108108108109,0.5270270270270271,low_is_2.6,0.930952380952381,36,34,3,1,74,0.7944658944658944,0.8085457710457711
entry_alignment_score_low_rate_0_3,0.004595895961961723,0.6728971962616821,0.527027027027027,0.5142857142857142,0.972972972972973,0.08108108108108109,0.5270270270270271,high_is_2.6,0.06904761904761905,36,34,3,1,74,0.20553410553410553,0.19145422895422895
alignment_score_q90,0.003251341334229922,0.6728971962616821,0.527027027027027,0.5142857142857142,0.972972972972973,0.08108108108108109,0.5270270270270271,high_is_2.6,0.9999869609704399,36,34,3,1,74,0.9999966524907915,0.9999957811774339
entry_alignment_score_q90,0.03338976219677394,0.6727272727272727,0.5135135135135135,0.5068493150684932,1.0,0.02702702702702703,0.5135135135135135,low_is_2.6,0.9999998737925202,37,36,1,0,74,0.9713920201320017,0.9894906738392496
phase_codereviewcomment_mean,0.022368179473334027,0.6727272727272727,0.5135135135135135,0.5068493150684932,1.0,0.02702702702702703,0.5135135135135135,low_is_2.6,0.8967660353291578,37,36,1,0,74,0.440320093736486,0.5174072335597901
role_code_reviewer_mean,0.022368179473334027,0.6727272727272727,0.5135135135135135,0.5068493150684932,1.0,0.02702702702702703,0.5135135135135135,low_is_2.6,0.8967660353291578,37,36,1,0,74,0.440320093736486,0.5174072335597901
phase_languagechoose_low_rate_0_5,0.013698630136986302,0.6727272727272727,0.5135135135135135,0.5068493150684932,1.0,0.02702702702702703,0.5135135135135135,low_is_2.6,0.0,37,36,1,0,74,0.0,0.013513513513513514
role_chief_technology_officer_low_rate_0_5,0.013698630136986302,0.6727272727272727,0.5135135135135135,0.5068493150684932,1.0,0.02702702702702703,0.5135135135135135,low_is_2.6,0.0,37,36,1,0,74,0.0,0.013513513513513514
role_programmer_min,0.013481509988246251,0.6727272727272727,0.5135135135135135,0.5068493150684932,1.0,0.02702702702702703,0.5135135135135135,low_is_2.6,0.011590400742010641,37,36,1,0,74,9.9412917056961e-06,0.0006258463035787522
phase_manual_min,0.0010583205655341219,0.6727272727272727,0.5135135135135135,0.5068493150684932,1.0,0.02702702702702703,0.5135135135135135,low_is_2.6,0.9403847442118198,37,36,1,0,74,0.024244986860505673,0.034349450412326885
entry_alignment_score_low_rate_0_8,0.03797997530726655,0.6666666666666666,0.5,0.5,1.0,0.0,0.5,high_is_2.6,0.4,37,37,0,0,74,0.6592515592515593,0.6128576378576378
entry_alignment_score_high_rate_0_8,0.03797997530726637,0.6666666666666666,0.5,0.5,1.0,0.0,0.5,high_is_2.6,0.07692307692307693,37,37,0,0,74,0.34074844074844074,0.38714236214236214
entry_alignment_score_high_rate_0_1,0.030555521684411908,0.6666666666666666,0.5,0.5,1.0,0.0,0.5,high_is_2.6,0.7142857142857143,37,37,0,0,74,0.9013167013167013,0.9302148302148302
entry_alignment_score_low_rate_0_1,0.030555521684411845,0.6666666666666666,0.5,0.5,1.0,0.0,0.5,high_is_2.6,0.0,37,37,0,0,74,0.09868329868329868,0.06978516978516978
alignment_score_q75,0.007765454071630623,0.6666666666666666,0.5135135135135135,0.5070422535211268,0.972972972972973,0.05405405405405406,0.5135135135135136,low_is_2.6,0.9999983398010122,36,35,2,1,74,0.9984575186525058,0.9990981754286306
phase_coding_min,0.002382202075603356,0.6666666666666666,0.5135135135135135,0.5070422535211268,0.972972972972973,0.05405405405405406,0.5135135135135136,low_is_2.6,0.9851648825137497,36,35,2,1,74,0.2669134179677095,0.2315936703819851
alignment_score_max,0.0005654031386564988,0.6666666666666666,0.5540540540540541,0.532258064516129,0.8918918918918919,0.21621621621621623,0.5540540540540541,high_is_2.6,0.9999998770707399,33,29,8,4,74,0.9999999148939417,0.9999999177926115
alignment_score_q50,0.0004923808934134621,0.6666666666666666,0.5405405405405406,0.5230769230769231,0.918918918918919,0.16216216216216217,0.5405405405405406,low_is_2.6,0.9987292361407122,34,31,6,3,74,0.8004869609045285,0.8104387325830997
phase_codereviewmodification_min,0.00024300870417064068,0.6666666666666666,0.5,0.5,1.0,0.0,0.5,high_is_2.6,0.0,37,37,0,0,74,0.02669906070211011,0.022119780316640785
