label,file_name,sample,binary_label,is_c4,consistency_score_file_mean,consistency_score_file_median,consistency_score_file_min,consistency_score_file_q10,consistency_score_file_q25,consistency_score_file_q75,consistency_score_file_std,entropy_normalized,failure_sensitive_score,high_density_score_0_8,high_low_gap_0_6_0_2,high_low_gap_0_6_0_3,high_low_gap_0_6_0_4,high_low_gap_0_7_0_2,high_low_gap_0_7_0_3,high_low_gap_0_7_0_4,high_low_gap_0_7_0_5,high_low_gap_0_8_0_2,high_low_gap_0_8_0_3,high_low_gap_0_8_0_4,high_low_gap_0_8_0_5,high_low_gap_0_9_0_3,high_low_gap_0_9_0_4,high_low_gap_0_9_0_5,high_low_half_penalty_0_6_0_2,high_low_half_penalty_0_6_0_3,high_low_half_penalty_0_6_0_4,high_low_half_penalty_0_7_0_2,high_low_half_penalty_0_7_0_3,high_low_half_penalty_0_7_0_4,high_low_half_penalty_0_7_0_5,high_low_half_penalty_0_8_0_2,high_low_half_penalty_0_8_0_3,high_low_half_penalty_0_8_0_4,high_low_half_penalty_0_8_0_5,high_low_half_penalty_0_9_0_3,high_low_half_penalty_0_9_0_4,high_low_half_penalty_0_9_0_5,high_score_rate_0_1,high_score_rate_0_2,high_score_rate_0_3,high_score_rate_0_4,high_score_rate_0_5,high_score_rate_0_6,high_score_rate_0_7,high_score_rate_0_8,high_score_rate_0_9,low_score_rate_0_1,low_score_rate_0_2,low_score_rate_0_3,low_score_rate_0_4,low_score_rate_0_5,low_score_rate_0_6,low_score_rate_0_7,low_score_rate_0_8,low_score_rate_0_9,low_tail_penalty_score,mean_minus_std_score,num_outputs,num_turns,worst_score
c0,ChatDev_ProgramDev2_GPT4o_0_scored.json,ChatDev_ProgramDev2_GPT4o_0,c0,0,0.6602459884455425,0.7017774629646236,0.18010060607602243,0.3188686391916754,0.5010866143914612,0.8380305102330872,0.24231304711141674,0.8902220097637678,0.5162023737346865,0.2358021387305509,0.5,0.42857142857142855,0.42857142857142855,0.4285714285714286,0.35714285714285715,0.35714285714285715,0.2142857142857143,0.2857142857142857,0.2142857142857143,0.2142857142857143,0.07142857142857145,0.0,0.0,-0.14285714285714285,0.5357142857142857,0.5,0.5,0.4642857142857143,0.4285714285714286,0.4285714285714286,0.35714285714285715,0.32142857142857145,0.2857142857142857,0.2857142857142857,0.2142857142857143,0.07142857142857142,0.07142857142857142,0.0,1.0,0.9285714285714286,0.8571428571428571,0.8571428571428571,0.7142857142857143,0.5714285714285714,0.5,0.35714285714285715,0.14285714285714285,0.0,0.07142857142857142,0.14285714285714285,0.14285714285714285,0.2857142857142857,0.42857142857142855,0.5,0.6428571428571429,0.8571428571428571,0.5888174170169711,0.41793294133412573,94,14,0.18010060607602243
c0,ChatDev_ProgramDev2_GPT4o_13_scored.json,ChatDev_ProgramDev2_GPT4o_13,c0,0,0.528548703592653,0.45538164085544525,6.00653191915533e-07,0.16697502594569344,0.24998865758650915,0.8520655683444396,0.34066772789610056,0.9311133210541701,0.3699842727108147,0.16263037033620095,0.23076923076923078,0.0,-0.07692307692307693,0.23076923076923078,0.0,-0.07692307692307693,-0.1538461538461538,0.15384615384615385,-0.07692307692307693,-0.15384615384615385,-0.23076923076923073,-0.15384615384615385,-0.23076923076923078,-0.30769230769230765,0.3076923076923077,0.19230769230769232,0.15384615384615385,0.3076923076923077,0.19230769230769232,0.15384615384615385,0.11538461538461542,0.23076923076923078,0.11538461538461539,0.07692307692307693,0.03846153846153849,0.038461538461538464,0.0,-0.038461538461538436,0.9230769230769231,0.8461538461538461,0.6153846153846154,0.5384615384615384,0.46153846153846156,0.38461538461538464,0.38461538461538464,0.3076923076923077,0.23076923076923078,0.07692307692307693,0.15384615384615385,0.38461538461538464,0.46153846153846156,0.5384615384615384,0.6153846153846154,0.6153846153846154,0.6923076923076923,0.7692307692307693,0.3747025497464992,0.1878809756965525,106,13,6.00653191915533e-07
c0,ChatDev_ProgramDev2_GPT4o_14_scored.json,ChatDev_ProgramDev2_GPT4o_14,c0,0,0.6613986830067723,0.6328653303800269,0.2689410620683701,0.3365307356902769,0.39999751906175735,0.8133506729434793,0.2535226862904021,0.7985974570315876,0.5436613967252516,0.20350728707900687,0.6153846153846154,0.5384615384615385,0.3076923076923077,0.46153846153846156,0.38461538461538464,0.15384615384615385,0.15384615384615385,0.3076923076923077,0.23076923076923078,0.0,0.0,0.15384615384615385,-0.07692307692307693,-0.07692307692307693,0.6153846153846154,0.576923076923077,0.46153846153846156,0.46153846153846156,0.42307692307692313,0.3076923076923077,0.3076923076923077,0.3076923076923077,0.2692307692307693,0.15384615384615385,0.15384615384615385,0.19230769230769232,0.07692307692307693,0.07692307692307693,1.0,1.0,0.9230769230769231,0.6923076923076923,0.6923076923076923,0.6153846153846154,0.46153846153846156,0.3076923076923077,0.23076923076923078,0.0,0.0,0.07692307692307693,0.3076923076923077,0.3076923076923077,0.38461538461538464,0.5384615384615384,0.6923076923076923,0.7692307692307693,0.6613986830067723,0.4078759967163702,113,13,0.2689410620683701
c0,ChatDev_ProgramDev2_GPT4o_16_scored.json,ChatDev_ProgramDev2_GPT4o_16,c0,0,0.5254257947465331,0.6646505272260371,0.014656158029692319,0.06566996082505583,0.23754174000658979,0.8443737091876637,0.3572233052309108,0.8560873938623892,0.37219490373148084,0.16166947530662557,0.30769230769230765,0.1538461538461538,0.07692307692307687,0.23076923076923078,0.07692307692307693,0.0,0.0,0.07692307692307693,-0.07692307692307693,-0.15384615384615385,-0.15384615384615385,-0.15384615384615385,-0.23076923076923078,-0.23076923076923078,0.423076923076923,0.34615384615384615,0.30769230769230765,0.34615384615384615,0.2692307692307693,0.23076923076923078,0.23076923076923078,0.19230769230769232,0.11538461538461539,0.07692307692307693,0.07692307692307693,0.038461538461538464,0.0,0.0,0.7692307692307693,0.7692307692307693,0.6153846153846154,0.5384615384615384,0.5384615384615384,0.5384615384615384,0.46153846153846156,0.3076923076923077,0.23076923076923078,0.23076923076923078,0.23076923076923078,0.38461538461538464,0.46153846153846156,0.46153846153846156,0.46153846153846156,0.5384615384615384,0.6923076923076923,0.7692307692307693,0.2946565639773023,0.16820248951562228,100,13,0.014656158029692319
c0,ChatDev_ProgramDev2_GPT4o_1_scored.json,ChatDev_ProgramDev2_GPT4o_1,c0,0,0.571224972435467,0.6602364028068526,6.023573837886479e-08,0.033322916343193704,0.3387268247965331,0.880681701509021,0.3352162811254459,0.957994543545024,0.3998574987755484,0.19040832414515566,0.38888888888888895,0.33333333333333337,0.22222222222222227,0.22222222222222224,0.16666666666666669,0.05555555555555558,-0.055555555555555525,0.16666666666666666,0.1111111111111111,0.0,-0.1111111111111111,0.0,-0.1111111111111111,-0.2222222222222222,0.47222222222222227,0.4444444444444445,0.38888888888888895,0.3055555555555556,0.2777777777777778,0.22222222222222224,0.16666666666666669,0.25,0.2222222222222222,0.16666666666666666,0.1111111111111111,0.1111111111111111,0.05555555555555555,0.0,0.8333333333333334,0.8333333333333334,0.7777777777777778,0.6666666666666666,0.5555555555555556,0.5555555555555556,0.3888888888888889,0.3333333333333333,0.2222222222222222,0.16666666666666666,0.16666666666666666,0.2222222222222222,0.3333333333333333,0.4444444444444444,0.4444444444444444,0.6111111111111112,0.6666666666666666,0.7777777777777778,0.40455830576880036,0.2360086913100211,152,18,6.023573837886479e-08
c0,ChatDev_ProgramDev2_GPT4o_20_scored.json,ChatDev_ProgramDev2_GPT4o_20,c0,0,0.6060295502156547,0.5799278199628837,0.1672685551208457,0.2933948952353045,0.3585846828137298,0.8626223094483513,0.2755604494259371,0.9548193549840598,0.474401251687212,0.17315130006161564,0.4285714285714286,0.35714285714285715,0.2142857142857143,0.21428571428571427,0.14285714285714285,0.0,-0.07142857142857145,0.21428571428571427,0.14285714285714285,0.0,-0.07142857142857145,0.14285714285714285,0.0,-0.07142857142857145,0.4642857142857143,0.4285714285714286,0.35714285714285715,0.25,0.21428571428571427,0.14285714285714285,0.10714285714285712,0.25,0.21428571428571427,0.14285714285714285,0.10714285714285712,0.21428571428571427,0.14285714285714285,0.10714285714285712,1.0,0.9285714285714286,0.8571428571428571,0.7142857142857143,0.6428571428571429,0.5,0.2857142857142857,0.2857142857142857,0.2857142857142857,0.0,0.07142857142857142,0.14285714285714285,0.2857142857142857,0.35714285714285715,0.5,0.7142857142857143,0.7142857142857143,0.7142857142857143,0.5346009787870833,0.33046910078971764,112,14,0.1672685551208457
c0,ChatDev_ProgramDev2_GPT4o_22_scored.json,ChatDev_ProgramDev2_GPT4o_22,c0,0,0.7343038958542727,0.8371465541115493,0.19988944205493736,0.30583776191230255,0.5233812243971371,0.998384724636711,0.28381396300205497,0.7551630862513187,0.573979559714472,0.41960222620244153,0.5714285714285715,0.5,0.5,0.5,0.42857142857142855,0.42857142857142855,0.3571428571428571,0.5,0.42857142857142855,0.42857142857142855,0.3571428571428571,0.2857142857142857,0.2857142857142857,0.21428571428571427,0.6071428571428572,0.5714285714285715,0.5714285714285715,0.5357142857142857,0.5,0.5,0.46428571428571425,0.5357142857142857,0.5,0.5,0.46428571428571425,0.3571428571428571,0.3571428571428571,0.3214285714285714,1.0,0.9285714285714286,0.8571428571428571,0.8571428571428571,0.7857142857142857,0.6428571428571429,0.5714285714285714,0.5714285714285714,0.42857142857142855,0.0,0.07142857142857142,0.14285714285714285,0.14285714285714285,0.21428571428571427,0.35714285714285715,0.42857142857142855,0.42857142857142855,0.5714285714285714,0.6628753244257013,0.4504899328522177,106,14,0.19988944205493736
c0,ChatDev_ProgramDev2_GPT4o_23_scored.json,ChatDev_ProgramDev2_GPT4o_23,c0,0,0.5019534767121631,0.4065107439723607,7.194133030325383e-09,2.0220006762018777e-05,0.2499812778895609,0.8989021458141924,0.383707705539465,0.827770311700721,0.35136743585675406,0.1930590295046781,0.15384615384615385,0.0,-0.07692307692307693,0.15384615384615385,0.0,-0.07692307692307693,-0.1538461538461538,0.15384615384615385,0.0,-0.07692307692307693,-0.1538461538461538,-0.15384615384615385,-0.23076923076923078,-0.30769230769230765,0.2692307692307693,0.19230769230769232,0.15384615384615385,0.2692307692307693,0.19230769230769232,0.15384615384615385,0.11538461538461542,0.2692307692307693,0.19230769230769232,0.15384615384615385,0.11538461538461542,0.038461538461538464,0.0,-0.038461538461538436,0.7692307692307693,0.7692307692307693,0.6153846153846154,0.5384615384615384,0.46153846153846156,0.38461538461538464,0.38461538461538464,0.38461538461538464,0.23076923076923078,0.23076923076923078,0.23076923076923078,0.38461538461538464,0.46153846153846156,0.5384615384615384,0.6153846153846154,0.6153846153846154,0.6153846153846154,0.7692307692307693,0.2711842459429323,0.11824577117269808,83,13,7.194133030325383e-09
c0,ChatDev_ProgramDev2_GPT4o_24_scored.json,ChatDev_ProgramDev2_GPT4o_24,c0,0,0.559339767923685,0.4378188184628719,0.14804623414332965,0.1567531170429095,0.2273718689169304,0.9901245400091646,0.33770895123375333,0.9473539682709406,0.43595170778957837,0.17210454397651848,0.15384615384615385,0.07692307692307693,0.0,0.15384615384615385,0.07692307692307693,0.0,-0.1538461538461538,0.07692307692307693,0.0,-0.07692307692307693,-0.23076923076923073,0.0,-0.07692307692307693,-0.23076923076923073,0.2692307692307693,0.23076923076923078,0.19230769230769232,0.2692307692307693,0.23076923076923078,0.19230769230769232,0.11538461538461542,0.19230769230769232,0.15384615384615385,0.11538461538461539,0.03846153846153849,0.15384615384615385,0.11538461538461539,0.03846153846153849,1.0,0.7692307692307693,0.6923076923076923,0.6153846153846154,0.46153846153846156,0.38461538461538464,0.38461538461538464,0.3076923076923077,0.3076923076923077,0.0,0.23076923076923078,0.3076923076923077,0.38461538461538464,0.5384615384615384,0.6153846153846154,0.6153846153846154,0.6923076923076923,0.6923076923076923,0.3285705371544542,0.22163081668993168,113,13,0.14804623414332965
c0,ChatDev_ProgramDev2_GPT4o_25_scored.json,ChatDev_ProgramDev2_GPT4o_25,c0,0,0.6799136103723141,0.7044261596174402,0.23759658543522472,0.26638834670545963,0.524328847457186,0.851952325609942,0.25919653842502255,0.7865210220866901,0.5472185028911872,0.2092041878068659,0.6923076923076923,0.5384615384615384,0.4615384615384615,0.5384615384615384,0.3846153846153846,0.30769230769230765,0.30769230769230765,0.3076923076923077,0.15384615384615385,0.07692307692307693,0.07692307692307693,0.07692307692307693,0.0,0.0,0.6923076923076923,0.6153846153846154,0.5769230769230769,0.5384615384615384,0.4615384615384615,0.423076923076923,0.423076923076923,0.3076923076923077,0.23076923076923078,0.19230769230769232,0.19230769230769232,0.15384615384615385,0.11538461538461539,0.11538461538461539,1.0,1.0,0.8461538461538461,0.7692307692307693,0.7692307692307693,0.6923076923076923,0.5384615384615384,0.3076923076923077,0.23076923076923078,0.0,0.0,0.15384615384615385,0.23076923076923078,0.23076923076923078,0.3076923076923077,0.46153846153846156,0.6923076923076923,0.7692307692307693,0.6799136103723141,0.4207170719472916,115,13,0.23759658543522472
c0,ChatDev_ProgramDev2_GPT4o_26_scored.json,ChatDev_ProgramDev2_GPT4o_26,c0,0,0.6639646539710867,0.7502762887261498,7.194133030325383e-09,0.05999954047517164,0.5179550178192046,0.9756137454876501,0.35046570572683516,0.8085465990227773,0.4647752599380006,0.28455628027332286,0.4285714285714286,0.4285714285714286,0.4285714285714286,0.4285714285714286,0.4285714285714286,0.4285714285714286,0.3571428571428572,0.21428571428571427,0.21428571428571427,0.21428571428571427,0.14285714285714285,0.14285714285714288,0.14285714285714288,0.07142857142857145,0.5357142857142858,0.5357142857142858,0.5357142857142858,0.5357142857142858,0.5357142857142858,0.5357142857142858,0.5,0.3214285714285714,0.3214285714285714,0.3214285714285714,0.2857142857142857,0.25,0.25,0.2142857142857143,0.8571428571428571,0.7857142857142857,0.7857142857142857,0.7857142857142857,0.7142857142857143,0.6428571428571429,0.6428571428571429,0.42857142857142855,0.35714285714285715,0.14285714285714285,0.21428571428571427,0.21428571428571427,0.21428571428571427,0.2857142857142857,0.35714285714285715,0.35714285714285715,0.5714285714285714,0.6428571428571429,0.4496789396853724,0.31349894824425156,123,14,7.194133030325383e-09
c0,ChatDev_ProgramDev2_GPT4o_28_scored.json,ChatDev_ProgramDev2_GPT4o_28,c0,0,0.7624666829014722,0.6873793042962255,0.24986191582419404,0.6224582675596475,0.6224591291503235,0.9922526523155094,0.21879169169725327,0.5660470234199638,0.6086852527782888,0.35190769980067954,0.9230769230769231,0.8461538461538463,0.8461538461538463,0.46153846153846156,0.38461538461538464,0.38461538461538464,0.38461538461538464,0.46153846153846156,0.38461538461538464,0.38461538461538464,0.38461538461538464,0.3076923076923077,0.3076923076923077,0.3076923076923077,0.9230769230769231,0.8846153846153847,0.8846153846153847,0.46153846153846156,0.42307692307692313,0.42307692307692313,0.42307692307692313,0.46153846153846156,0.42307692307692313,0.42307692307692313,0.42307692307692313,0.34615384615384615,0.34615384615384615,0.34615384615384615,1.0,1.0,0.9230769230769231,0.9230769230769231,0.9230769230769231,0.9230769230769231,0.46153846153846156,0.46153846153846156,0.38461538461538464,0.0,0.0,0.07692307692307693,0.07692307692307693,0.07692307692307693,0.07692307692307693,0.5384615384615384,0.5384615384615384,0.6153846153846154,0.7624666829014722,0.5436749912042189,92,13,0.24986191582419404
c0,ChatDev_ProgramDev2_GPT4o_29_scored.json,ChatDev_ProgramDev2_GPT4o_29,c0,0,0.5641184601754589,0.5961849089048818,0.13949393860084178,0.22920234132479367,0.35322304420646006,0.7569880553388681,0.271241837864838,0.8639275763279329,0.4367311037030737,0.08058835145363698,0.4285714285714286,0.2857142857142857,0.07142857142857145,0.2857142857142857,0.14285714285714288,-0.0714285714285714,-0.0714285714285714,0.07142857142857142,-0.07142857142857142,-0.2857142857142857,-0.2857142857142857,-0.07142857142857142,-0.2857142857142857,-0.2857142857142857,0.4642857142857143,0.39285714285714285,0.2857142857142857,0.32142857142857145,0.25,0.14285714285714288,0.14285714285714288,0.10714285714285714,0.03571428571428571,-0.07142857142857142,-0.07142857142857142,0.03571428571428571,-0.07142857142857142,-0.07142857142857142,1.0,0.9285714285714286,0.7857142857142857,0.5714285714285714,0.5714285714285714,0.5,0.35714285714285715,0.14285714285714285,0.14285714285714285,0.0,0.07142857142857142,0.21428571428571427,0.42857142857142855,0.42857142857142855,0.5,0.6428571428571429,0.8571428571428571,0.8571428571428571,0.49268988874688746,0.29287662231062084,143,14,0.13949393860084178
c0,ChatDev_ProgramDev2_GPT4o_2_scored.json,ChatDev_ProgramDev2_GPT4o_2,c0,0,0.6397032739366719,0.6974341586125401,5.602796437537268e-09,0.09999725223896772,0.5413594193184382,0.8516645357206789,0.3176131107698393,0.8549912206176892,0.4477922934365092,0.18277236398190624,0.5714285714285714,0.5714285714285714,0.5,0.35714285714285715,0.35714285714285715,0.2857142857142857,0.2857142857142857,0.14285714285714285,0.14285714285714285,0.07142857142857142,0.07142857142857142,0.07142857142857142,0.0,0.0,0.6428571428571429,0.6428571428571429,0.6071428571428572,0.4285714285714286,0.4285714285714286,0.39285714285714285,0.39285714285714285,0.21428571428571427,0.21428571428571427,0.17857142857142855,0.17857142857142855,0.14285714285714285,0.10714285714285714,0.10714285714285714,0.8571428571428571,0.8571428571428571,0.8571428571428571,0.7857142857142857,0.7857142857142857,0.7142857142857143,0.5,0.2857142857142857,0.21428571428571427,0.14285714285714285,0.14285714285714285,0.14285714285714285,0.21428571428571427,0.21428571428571427,0.2857142857142857,0.5,0.7142857142857143,0.7857142857142857,0.4968461310795291,0.32209016316683264,123,14,5.602796437537268e-09
c0,ChatDev_ProgramDev2_GPT4o_34_scored.json,ChatDev_ProgramDev2_GPT4o_34,c0,0,0.5801281188067192,0.4999992782949247,0.0833540638740048,0.2667081902344121,0.3775403487974628,0.8327184699212934,0.2935411699659416,0.9061046786569098,0.43109590232690487,0.1785009596328367,0.3076923076923077,0.23076923076923078,0.07692307692307693,0.3076923076923077,0.23076923076923078,0.07692307692307693,-0.1538461538461538,0.23076923076923078,0.15384615384615385,0.0,-0.23076923076923073,0.07692307692307693,-0.07692307692307693,-0.30769230769230765,0.34615384615384615,0.3076923076923077,0.23076923076923078,0.34615384615384615,0.3076923076923077,0.23076923076923078,0.11538461538461542,0.2692307692307693,0.23076923076923078,0.15384615384615385,0.03846153846153849,0.15384615384615385,0.07692307692307693,-0.038461538461538436,0.9230769230769231,0.9230769230769231,0.8461538461538461,0.6923076923076923,0.46153846153846156,0.38461538461538464,0.38461538461538464,0.3076923076923077,0.23076923076923078,0.07692307692307693,0.07692307692307693,0.15384615384615385,0.3076923076923077,0.5384615384615384,0.6153846153846154,0.6153846153846154,0.6923076923076923,0.7692307692307693,0.5032050418836422,0.2865869488407776,101,13,0.0833540638740048
c0,ChatDev_ProgramDev2_GPT4o_4_scored.json,ChatDev_ProgramDev2_GPT4o_4,c0,0,0.6146011057035936,0.59339551317708,0.2861177426595812,0.3810664768493793,0.46144335445582374,0.7332243722810591,0.2104032738986106,0.8286967871818546,0.5160560967903899,0.13170023693648433,0.5,0.4285714285714286,0.35714285714285715,0.2857142857142857,0.21428571428571427,0.14285714285714285,-0.07142857142857145,0.21428571428571427,0.14285714285714285,0.07142857142857142,-0.14285714285714288,0.07142857142857142,0.0,-0.2142857142857143,0.5,0.4642857142857143,0.4285714285714286,0.2857142857142857,0.25,0.21428571428571427,0.10714285714285712,0.21428571428571427,0.17857142857142855,0.14285714285714285,0.0357142857142857,0.10714285714285714,0.07142857142857142,-0.035714285714285726,1.0,1.0,0.9285714285714286,0.8571428571428571,0.6428571428571429,0.5,0.2857142857142857,0.21428571428571427,0.14285714285714285,0.0,0.0,0.07142857142857142,0.14285714285714285,0.35714285714285715,0.5,0.7142857142857143,0.7857142857142857,0.8571428571428571,0.6146011057035936,0.40419783180498303,108,14,0.2861177426595812
c0,ChatDev_ProgramDev2_GPT4o_50_scored.json,ChatDev_ProgramDev2_GPT4o_50,c0,0,0.5778532712092139,0.543319900025638,0.24523913225188423,0.25344552750792915,0.3097536993394495,0.7930574178511893,0.27787561626615115,0.8286967871818544,0.478069029522015,0.16510093463120398,0.42857142857142855,0.21428571428571427,0.0714285714285714,0.35714285714285715,0.14285714285714288,0.0,-0.14285714285714285,0.2857142857142857,0.07142857142857142,-0.07142857142857145,-0.2142857142857143,0.0,-0.14285714285714288,-0.2857142857142857,0.42857142857142855,0.3214285714285714,0.24999999999999997,0.35714285714285715,0.25,0.17857142857142858,0.10714285714285715,0.2857142857142857,0.17857142857142855,0.10714285714285712,0.0357142857142857,0.10714285714285714,0.0357142857142857,-0.035714285714285726,1.0,1.0,0.7857142857142857,0.6428571428571429,0.5,0.42857142857142855,0.35714285714285715,0.2857142857142857,0.21428571428571427,0.0,0.0,0.21428571428571427,0.35714285714285715,0.5,0.5714285714285714,0.6428571428571429,0.7142857142857143,0.7857142857142857,0.5778532712092139,0.2999776549430628,135,14,0.24523913225188423
c0,ChatDev_ProgramDev2_GPT4o_74_scored.json,ChatDev_ProgramDev2_GPT4o_74,c0,0,0.6268749248955424,0.701477552207125,9.094808437765229e-10,0.07790074712396616,0.2427508756322917,0.9999019222915319,0.37484130090057016,0.8839297342362052,0.4388124476997239,0.2742577796417998,0.4375,0.3125,0.3125,0.3125,0.1875,0.1875,0.125,0.25,0.125,0.125,0.0625,0.125,0.125,0.0625,0.53125,0.46875,0.46875,0.40625,0.34375,0.34375,0.3125,0.34375,0.28125,0.28125,0.25,0.28125,0.28125,0.25,0.875,0.8125,0.6875,0.6875,0.625,0.625,0.5,0.4375,0.4375,0.125,0.1875,0.3125,0.3125,0.375,0.375,0.5,0.5625,0.5625,0.4393749248955424,0.25203362399497226,133,16,9.094808437765229e-10
c0,ChatDev_ProgramDev2_GPT4o_90_scored.json,ChatDev_ProgramDev2_GPT4o_90,c0,0,0.6503606768692157,0.6951902080201451,0.11691991688734671,0.35130393886987327,0.4258765655809931,0.8443658545238696,0.2634403476026654,0.9061046786569098,0.490328448874655,0.20011097749822024,0.5384615384615385,0.5384615384615385,0.46153846153846156,0.3076923076923077,0.3076923076923077,0.23076923076923078,0.07692307692307693,0.23076923076923078,0.23076923076923078,0.15384615384615385,0.0,0.15384615384615385,0.07692307692307693,-0.07692307692307693,0.576923076923077,0.576923076923077,0.5384615384615385,0.34615384615384615,0.34615384615384615,0.3076923076923077,0.23076923076923078,0.2692307692307693,0.2692307692307693,0.23076923076923078,0.15384615384615385,0.19230769230769232,0.15384615384615385,0.07692307692307693,1.0,0.9230769230769231,0.9230769230769231,0.8461538461538461,0.6923076923076923,0.6153846153846154,0.38461538461538464,0.3076923076923077,0.23076923076923078,0.0,0.07692307692307693,0.07692307692307693,0.15384615384615385,0.3076923076923077,0.38461538461538464,0.6153846153846154,0.6923076923076923,0.7692307692307693,0.5734375999461387,0.38692032926655034,117,13,0.11691991688734671
c0,ChatDev_ProgramDev2_GPT4o_99_scored.json,ChatDev_ProgramDev2_GPT4o_99,c0,0,0.679030501863467,0.7527113164979975,0.09534947042092046,0.1799467609211154,0.44314125709216756,0.9591637133633244,0.30491914183107094,0.8862106770924658,0.503926192430703,0.3055637258385602,0.5,0.5,0.4,0.4,0.4,0.30000000000000004,0.20000000000000007,0.30000000000000004,0.30000000000000004,0.2,0.10000000000000003,0.19999999999999998,0.09999999999999998,0.0,0.5750000000000001,0.5750000000000001,0.525,0.47500000000000003,0.47500000000000003,0.42500000000000004,0.37500000000000006,0.375,0.375,0.325,0.275,0.27499999999999997,0.22499999999999998,0.175,0.95,0.85,0.85,0.75,0.65,0.65,0.55,0.45,0.35,0.05,0.15,0.15,0.25,0.35,0.35,0.45,0.55,0.65,0.529030501863467,0.3741113600323961,194,20,0.09534947042092046
c0,ChatDev_ProgramDev2_GPT4o_9_scored.json,ChatDev_ProgramDev2_GPT4o_9,c0,0,0.6417977890570926,0.645672521129556,0.1564968676072146,0.2752003836131934,0.4390918274622016,0.9667691926173759,0.28751842709720604,0.9285249215482251,0.4962075126221292,0.2292134960918188,0.5,0.42857142857142855,0.3571428571428571,0.3571428571428571,0.2857142857142857,0.21428571428571427,0.0,0.2857142857142857,0.2142857142857143,0.14285714285714288,-0.0714285714285714,0.14285714285714285,0.07142857142857142,-0.14285714285714285,0.5357142857142857,0.5,0.46428571428571425,0.39285714285714285,0.3571428571428571,0.3214285714285714,0.21428571428571427,0.32142857142857145,0.2857142857142857,0.25,0.14285714285714288,0.21428571428571427,0.17857142857142855,0.07142857142857142,1.0,0.9285714285714286,0.8571428571428571,0.7857142857142857,0.5714285714285714,0.5714285714285714,0.42857142857142855,0.35714285714285715,0.2857142857142857,0.0,0.07142857142857142,0.14285714285714285,0.21428571428571427,0.42857142857142855,0.42857142857142855,0.5714285714285714,0.6428571428571429,0.7142857142857143,0.5703692176285212,0.3542793619598866,131,14,0.1564968676072146
c0,ChatDev_ProgramDev_GPT4o_0_scored.json,ChatDev_ProgramDev_GPT4o_0,c0,0,0.7349237167905742,0.8365656726898631,0.249999423647082,0.2942407188501341,0.6356006538499582,0.9853434421773181,0.26842681519407635,0.6276102678769989,0.5894464288475265,0.39572815519492455,0.7692307692307693,0.6153846153846154,0.5384615384615385,0.6153846153846154,0.46153846153846156,0.38461538461538464,0.38461538461538464,0.5384615384615384,0.3846153846153846,0.30769230769230765,0.30769230769230765,0.15384615384615385,0.07692307692307693,0.07692307692307693,0.7692307692307693,0.6923076923076923,0.6538461538461539,0.6153846153846154,0.5384615384615385,0.5,0.5,0.5384615384615384,0.4615384615384615,0.423076923076923,0.423076923076923,0.23076923076923078,0.19230769230769232,0.19230769230769232,1.0,1.0,0.8461538461538461,0.7692307692307693,0.7692307692307693,0.7692307692307693,0.6153846153846154,0.5384615384615384,0.3076923076923077,0.0,0.0,0.15384615384615385,0.23076923076923078,0.23076923076923078,0.23076923076923078,0.38461538461538464,0.46153846153846156,0.6923076923076923,0.7349237167905742,0.46649690159649787,149,13,0.249999423647082
c0,ChatDev_ProgramDev_GPT4o_13_scored.json,ChatDev_ProgramDev_GPT4o_13,c0,0,0.6233419086392876,0.7193421070185922,0.04845847910548204,0.12187829904865792,0.22547861276066444,0.9999914007160021,0.3693660585602892,0.7898294618510978,0.4508768797791459,0.28769626552582506,0.38461538461538464,0.3076923076923077,0.23076923076923078,0.30769230769230765,0.23076923076923073,0.1538461538461538,0.1538461538461538,0.23076923076923078,0.15384615384615385,0.07692307692307693,0.07692307692307693,0.07692307692307693,0.0,0.0,0.5,0.46153846153846156,0.42307692307692313,0.423076923076923,0.3846153846153846,0.34615384615384615,0.34615384615384615,0.34615384615384615,0.3076923076923077,0.2692307692307693,0.2692307692307693,0.23076923076923078,0.19230769230769232,0.19230769230769232,0.9230769230769231,0.7692307692307693,0.6923076923076923,0.6153846153846154,0.6153846153846154,0.6153846153846154,0.5384615384615384,0.46153846153846156,0.38461538461538464,0.07692307692307693,0.23076923076923078,0.3076923076923077,0.38461538461538464,0.38461538461538464,0.38461538461538464,0.46153846153846156,0.5384615384615384,0.6153846153846154,0.39257267787005684,0.2539758500789984,164,13,0.04845847910548204
c0,ChatDev_ProgramDev_GPT4o_14_scored.json,ChatDev_ProgramDev_GPT4o_14,c0,0,0.7476797547243745,0.8509132895813869,0.20068470769401353,0.3459218171188563,0.5833285616971053,0.9970962194821001,0.2671519416428406,0.6695339811291536,0.5835812406152663,0.44860785283462473,0.7333333333333333,0.6666666666666666,0.5333333333333332,0.6,0.5333333333333333,0.39999999999999997,0.3333333333333333,0.6,0.5333333333333333,0.39999999999999997,0.3333333333333333,0.33333333333333337,0.2,0.13333333333333336,0.7333333333333333,0.7,0.6333333333333333,0.6,0.5666666666666667,0.5,0.4666666666666667,0.6,0.5666666666666667,0.5,0.4666666666666667,0.3666666666666667,0.30000000000000004,0.2666666666666667,1.0,1.0,0.9333333333333333,0.8,0.7333333333333333,0.7333333333333333,0.6,0.6,0.4,0.0,0.0,0.06666666666666667,0.2,0.26666666666666666,0.26666666666666666,0.4,0.4,0.6,0.7476797547243745,0.4805278130815339,142,15,0.20068470769401353
c0,ChatDev_ProgramDev_GPT4o_16_scored.json,ChatDev_ProgramDev_GPT4o_16,c0,0,0.6095639767620552,0.750036981115026,3.927863545481039e-07,0.004744000316310589,0.21542856714302977,0.9204099472202003,0.38279257505184416,0.7865210220866901,0.426694901569345,0.23444768337002125,0.4615384615384615,0.3846153846153846,0.3846153846153846,0.38461538461538464,0.3076923076923077,0.3076923076923077,0.3076923076923077,0.15384615384615385,0.07692307692307693,0.07692307692307693,0.07692307692307693,0.0,0.0,0.0,0.5769230769230769,0.5384615384615384,0.5384615384615384,0.5,0.46153846153846156,0.46153846153846156,0.46153846153846156,0.2692307692307693,0.23076923076923078,0.23076923076923078,0.23076923076923078,0.15384615384615385,0.15384615384615385,0.15384615384615385,0.7692307692307693,0.7692307692307693,0.6923076923076923,0.6923076923076923,0.6923076923076923,0.6923076923076923,0.6153846153846154,0.38461538461538464,0.3076923076923077,0.23076923076923078,0.23076923076923078,0.3076923076923077,0.3076923076923077,0.3076923076923077,0.3076923076923077,0.38461538461538464,0.6153846153846154,0.6923076923076923,0.3787947459928244,0.22677140171021104,138,13,3.927863545481039e-07
c0,ChatDev_ProgramDev_GPT4o_1_scored.json,ChatDev_ProgramDev_GPT4o_1,c0,0,0.7147815496803951,0.8061701891744878,0.25425724202286454,0.5008021208933668,0.5321876965550232,0.8443892329833812,0.2259486393278831,0.6776275526715195,0.5766242573831359,0.38488237290482813,0.6153846153846154,0.5384615384615385,0.5384615384615385,0.5384615384615384,0.4615384615384615,0.4615384615384615,0.3846153846153846,0.5384615384615384,0.4615384615384615,0.4615384615384615,0.3846153846153846,0.15384615384615385,0.15384615384615385,0.07692307692307693,0.6153846153846154,0.576923076923077,0.576923076923077,0.5384615384615384,0.5,0.5,0.4615384615384615,0.5384615384615384,0.5,0.5,0.4615384615384615,0.19230769230769232,0.19230769230769232,0.15384615384615385,1.0,1.0,0.9230769230769231,0.9230769230769231,0.8461538461538461,0.6153846153846154,0.5384615384615384,0.5384615384615384,0.23076923076923078,0.0,0.0,0.07692307692307693,0.07692307692307693,0.15384615384615385,0.38461538461538464,0.46153846153846156,0.46153846153846156,0.7692307692307693,0.7147815496803951,0.488832910352512,177,13,0.25425724202286454
c0,ChatDev_ProgramDev_GPT4o_20_scored.json,ChatDev_ProgramDev_GPT4o_20,c0,0,0.5163825069342972,0.5000080939143347,8.592166619174109e-10,0.09158720898727249,0.1428506707449588,0.8920464403612144,0.35542812974855786,0.9311133210541701,0.361467755111773,0.158886925210553,0.15384615384615385,0.07692307692307693,0.07692307692307693,0.07692307692307693,0.0,0.0,-0.07692307692307693,0.0,-0.07692307692307693,-0.07692307692307693,-0.15384615384615385,-0.23076923076923078,-0.23076923076923078,-0.3076923076923077,0.3076923076923077,0.2692307692307693,0.2692307692307693,0.23076923076923078,0.19230769230769232,0.19230769230769232,0.15384615384615385,0.15384615384615385,0.11538461538461539,0.11538461538461539,0.07692307692307693,-0.038461538461538464,-0.038461538461538464,-0.07692307692307693,0.8461538461538461,0.6923076923076923,0.6153846153846154,0.6153846153846154,0.5384615384615384,0.46153846153846156,0.38461538461538464,0.3076923076923077,0.15384615384615385,0.15384615384615385,0.3076923076923077,0.38461538461538464,0.38461538461538464,0.46153846153846156,0.5384615384615384,0.6153846153846154,0.6923076923076923,0.8461538461538461,0.2086901992419895,0.16095437718573935,139,13,8.592166619174109e-10
c0,ChatDev_ProgramDev_GPT4o_22_scored.json,ChatDev_ProgramDev_GPT4o_22,c0,0,0.51879817579414,0.47865982747293234,2.7535687796947383e-05,0.11592825575821593,0.2989759024959468,0.750206750527504,0.3212920420880461,0.9780416657815157,0.36316698376223705,0.11117103767017285,0.2142857142857143,0.07142857142857145,-0.0714285714285714,0.14285714285714285,0.0,-0.14285714285714285,-0.2142857142857143,0.07142857142857142,-0.07142857142857142,-0.21428571428571427,-0.2857142857142857,-0.07142857142857142,-0.21428571428571427,-0.2857142857142857,0.2857142857142857,0.2142857142857143,0.14285714285714288,0.21428571428571427,0.14285714285714285,0.07142857142857142,0.0357142857142857,0.14285714285714285,0.07142857142857142,0.0,-0.035714285714285726,0.07142857142857142,0.0,-0.035714285714285726,0.8571428571428571,0.8571428571428571,0.7142857142857143,0.5714285714285714,0.5,0.35714285714285715,0.2857142857142857,0.21428571428571427,0.21428571428571427,0.14285714285714285,0.14285714285714285,0.2857142857142857,0.42857142857142855,0.5,0.6428571428571429,0.7142857142857143,0.7857142857142857,0.7857142857142857,0.37594103293699715,0.19750613370609388,158,14,2.7535687796947383e-05
c0,ChatDev_ProgramDev_GPT4o_23_scored.json,ChatDev_ProgramDev_GPT4o_23,c0,0,0.7908731713410074,0.7989414811230792,0.41739534368542996,0.5490219547726549,0.6486939641253464,0.9867682543554788,0.18811288016964842,0.6165394559097065,0.6788298230443341,0.3954365856705037,0.8571428571428571,0.8571428571428571,0.8571428571428571,0.6428571428571429,0.6428571428571429,0.6428571428571429,0.5714285714285715,0.5,0.5,0.5,0.4285714285714286,0.42857142857142855,0.42857142857142855,0.3571428571428571,0.8571428571428571,0.8571428571428571,0.8571428571428571,0.6428571428571429,0.6428571428571429,0.6428571428571429,0.6071428571428572,0.5,0.5,0.5,0.4642857142857143,0.42857142857142855,0.42857142857142855,0.39285714285714285,1.0,1.0,1.0,1.0,0.9285714285714286,0.8571428571428571,0.6428571428571429,0.5,0.42857142857142855,0.0,0.0,0.0,0.0,0.07142857142857142,0.14285714285714285,0.35714285714285715,0.5,0.5714285714285714,0.7908731713410074,0.602760291171359,152,14,0.41739534368542996
c0,ChatDev_ProgramDev_GPT4o_24_scored.json,ChatDev_ProgramDev_GPT4o_24,c0,0,0.648522894845129,0.7051144611455501,0.01478670854529004,0.2735011607825852,0.510545722340004,0.8435649973746006,0.2970513176739367,0.8560873938623892,0.4584020389551773,0.29931825915929033,0.4615384615384615,0.3846153846153846,0.30769230769230765,0.4615384615384615,0.3846153846153846,0.30769230769230765,0.30769230769230765,0.38461538461538464,0.3076923076923077,0.23076923076923078,0.23076923076923078,0.07692307692307693,0.0,0.0,0.5,0.4615384615384615,0.423076923076923,0.5,0.4615384615384615,0.423076923076923,0.423076923076923,0.42307692307692313,0.38461538461538464,0.34615384615384615,0.34615384615384615,0.15384615384615385,0.11538461538461539,0.11538461538461539,0.9230769230769231,0.9230769230769231,0.8461538461538461,0.7692307692307693,0.7692307692307693,0.5384615384615384,0.5384615384615384,0.46153846153846156,0.23076923076923078,0.07692307692307693,0.07692307692307693,0.15384615384615385,0.23076923076923078,0.23076923076923078,0.46153846153846156,0.46153846153846156,0.5384615384615384,0.7692307692307693,0.5715998179220521,0.3514715771711923,137,13,0.01478670854529004
c0,ChatDev_ProgramDev_GPT4o_25_scored.json,ChatDev_ProgramDev_GPT4o_25,c0,0,0.6969809223314111,0.7170406033612527,0.10048457588929478,0.292328501569169,0.5199867470189948,0.9733497283463145,0.2947449469311907,0.856087393862389,0.5180320183987761,0.3216835026144974,0.6153846153846154,0.5384615384615384,0.4615384615384615,0.4615384615384615,0.3846153846153846,0.30769230769230765,0.30769230769230765,0.38461538461538464,0.3076923076923077,0.23076923076923078,0.23076923076923078,0.23076923076923078,0.15384615384615385,0.15384615384615385,0.6538461538461539,0.6153846153846154,0.5769230769230769,0.5,0.4615384615384615,0.423076923076923,0.423076923076923,0.42307692307692313,0.38461538461538464,0.34615384615384615,0.34615384615384615,0.3076923076923077,0.2692307692307693,0.2692307692307693,1.0,0.9230769230769231,0.8461538461538461,0.7692307692307693,0.7692307692307693,0.6923076923076923,0.5384615384615384,0.46153846153846156,0.38461538461538464,0.0,0.07692307692307693,0.15384615384615385,0.23076923076923078,0.23076923076923078,0.3076923076923077,0.46153846153846156,0.5384615384615384,0.6153846153846154,0.6200578454083341,0.4022359754002204,171,13,0.10048457588929478
c0,ChatDev_ProgramDev_GPT4o_26_scored.json,ChatDev_ProgramDev_GPT4o_26,c0,0,0.732330782684292,0.6968814074734907,0.3301708615682362,0.4884524812175919,0.5309635700404137,0.999832072931611,0.23213219643102267,0.7865210220866901,0.6116828063494752,0.28166568564780464,0.6153846153846154,0.6153846153846154,0.5384615384615385,0.46153846153846156,0.46153846153846156,0.38461538461538464,0.23076923076923078,0.38461538461538464,0.38461538461538464,0.3076923076923077,0.15384615384615385,0.38461538461538464,0.3076923076923077,0.15384615384615385,0.6153846153846154,0.6153846153846154,0.576923076923077,0.46153846153846156,0.46153846153846156,0.42307692307692313,0.34615384615384615,0.38461538461538464,0.38461538461538464,0.34615384615384615,0.2692307692307693,0.38461538461538464,0.34615384615384615,0.2692307692307693,1.0,1.0,1.0,0.9230769230769231,0.7692307692307693,0.6153846153846154,0.46153846153846156,0.38461538461538464,0.38461538461538464,0.0,0.0,0.0,0.07692307692307693,0.23076923076923078,0.38461538461538464,0.5384615384615384,0.6153846153846154,0.6153846153846154,0.732330782684292,0.5001985862532693,143,13,0.3301708615682362
c0,ChatDev_ProgramDev_GPT4o_28_scored.json,ChatDev_ProgramDev_GPT4o_28,c0,0,0.7304516175104604,0.797960521484487,0.0004555261318731157,0.46034538380427525,0.4990388935930533,0.9691774970729029,0.28641277571910956,0.7648208194538375,0.5114527900968842,0.33713151577405864,0.6153846153846154,0.6153846153846154,0.6153846153846154,0.6153846153846154,0.6153846153846154,0.6153846153846154,0.3846153846153846,0.38461538461538464,0.38461538461538464,0.38461538461538464,0.15384615384615385,0.3076923076923077,0.3076923076923077,0.07692307692307693,0.6538461538461539,0.6538461538461539,0.6538461538461539,0.6538461538461539,0.6538461538461539,0.6538461538461539,0.5384615384615384,0.42307692307692313,0.42307692307692313,0.42307692307692313,0.3076923076923077,0.34615384615384615,0.34615384615384615,0.23076923076923078,0.9230769230769231,0.9230769230769231,0.9230769230769231,0.9230769230769231,0.6923076923076923,0.6923076923076923,0.6923076923076923,0.46153846153846156,0.38461538461538464,0.07692307692307693,0.07692307692307693,0.07692307692307693,0.07692307692307693,0.3076923076923077,0.3076923076923077,0.3076923076923077,0.5384615384615384,0.6153846153846154,0.6535285405873834,0.44403884179135084,159,13,0.0004555261318731157
c0,ChatDev_ProgramDev_GPT4o_29_scored.json,ChatDev_ProgramDev_GPT4o_29,c0,0,0.5838998067241858,0.7081977473316953,3.927863545481039e-07,0.0007096700657940752,0.18739230920407698,0.994506347078405,0.3919310627102802,0.748580172237067,0.40872998254283643,0.2694922184880858,0.23076923076923073,0.23076923076923073,0.23076923076923073,0.23076923076923073,0.23076923076923073,0.23076923076923073,0.23076923076923073,0.15384615384615385,0.15384615384615385,0.15384615384615385,0.15384615384615385,0.0,0.0,0.0,0.3846153846153846,0.3846153846153846,0.3846153846153846,0.3846153846153846,0.3846153846153846,0.3846153846153846,0.3846153846153846,0.3076923076923077,0.3076923076923077,0.3076923076923077,0.3076923076923077,0.15384615384615385,0.15384615384615385,0.15384615384615385,0.7692307692307693,0.6923076923076923,0.6923076923076923,0.6923076923076923,0.6923076923076923,0.5384615384615384,0.5384615384615384,0.46153846153846156,0.3076923076923077,0.23076923076923078,0.3076923076923077,0.3076923076923077,0.3076923076923077,0.3076923076923077,0.46153846153846156,0.46153846153846156,0.5384615384615384,0.6923076923076923,0.27620749903187813,0.19196874401390562,114,13,3.927863545481039e-07
c0,ChatDev_ProgramDev_GPT4o_2_scored.json,ChatDev_ProgramDev_GPT4o_2,c0,0,0.6888622989871134,0.825598284160239,0.06628433226560847,0.19219687658792411,0.42267565431592347,0.9855700519934399,0.32929878587765476,0.8506318678887369,0.5020889089706618,0.3444311494935567,0.5,0.4285714285714286,0.3571428571428572,0.5,0.4285714285714286,0.3571428571428572,0.3571428571428572,0.35714285714285715,0.2857142857142857,0.2142857142857143,0.2142857142857143,0.21428571428571427,0.14285714285714285,0.14285714285714285,0.5714285714285715,0.5357142857142858,0.5,0.5714285714285715,0.5357142857142858,0.5,0.5,0.4285714285714286,0.39285714285714285,0.35714285714285715,0.35714285714285715,0.3214285714285714,0.2857142857142857,0.2857142857142857,0.9285714285714286,0.8571428571428571,0.7857142857142857,0.7142857142857143,0.7142857142857143,0.6428571428571429,0.6428571428571429,0.5,0.42857142857142855,0.07142857142857142,0.14285714285714285,0.21428571428571427,0.2857142857142857,0.2857142857142857,0.35714285714285715,0.35714285714285715,0.5,0.5714285714285714,0.5460051561299706,0.3595635131094586,140,14,0.06628433226560847
c0,ChatDev_ProgramDev_GPT4o_4_scored.json,ChatDev_ProgramDev_GPT4o_4,c0,0,0.635991943831938,0.7996102354492175,0.05001429955318045,0.14547271199903677,0.41480293068567137,0.897376550485703,0.33337038870662095,0.8839297342362052,0.4601986505483107,0.2782464754264729,0.375,0.3125,0.3125,0.375,0.3125,0.3125,0.1875,0.25,0.1875,0.1875,0.0625,0.0,0.0,-0.125,0.46875,0.4375,0.4375,0.46875,0.4375,0.4375,0.375,0.34375,0.3125,0.3125,0.25,0.125,0.125,0.0625,0.875,0.8125,0.75,0.75,0.625,0.5625,0.5625,0.4375,0.25,0.125,0.1875,0.25,0.25,0.375,0.4375,0.4375,0.5625,0.75,0.448491943831938,0.3026215551253171,178,16,0.05001429955318045
c0,ChatDev_ProgramDev_GPT4o_9_scored.json,ChatDev_ProgramDev_GPT4o_9,c0,0,0.6496081812183707,0.7535042599276771,8.152020714470167e-09,0.049839346486030965,0.5912125050439301,0.9076255030171759,0.33644914687351085,0.856087393862389,0.45472572929846566,0.29981916056232494,0.5384615384615384,0.4615384615384615,0.4615384615384615,0.46153846153846156,0.38461538461538464,0.38461538461538464,0.38461538461538464,0.3076923076923077,0.23076923076923078,0.23076923076923078,0.23076923076923078,0.07692307692307693,0.07692307692307693,0.07692307692307693,0.6153846153846154,0.5769230769230769,0.5769230769230769,0.5384615384615385,0.5,0.5,0.5,0.38461538461538464,0.34615384615384615,0.34615384615384615,0.34615384615384615,0.19230769230769232,0.19230769230769232,0.19230769230769232,0.8461538461538461,0.8461538461538461,0.7692307692307693,0.7692307692307693,0.7692307692307693,0.6923076923076923,0.6153846153846154,0.46153846153846156,0.3076923076923077,0.15384615384615385,0.15384615384615385,0.23076923076923078,0.23076923076923078,0.23076923076923078,0.3076923076923077,0.38461538461538464,0.5384615384615384,0.6923076923076923,0.49576202737221686,0.31315903434485987,143,13,8.152020714470167e-09
c4,ChatDev_ProgramDev2_GPT4o_18_scored.json,ChatDev_ProgramDev2_GPT4o_18,c4,1,0.596074003414854,0.7157657245776051,0.13130715999118803,0.19227967637810622,0.3057485372871307,0.8233593200005989,0.3160765767685068,0.8549912206176892,0.4566439503877541,0.1703068581185297,0.3571428571428571,0.2857142857142857,0.14285714285714285,0.2857142857142857,0.2142857142857143,0.07142857142857145,0.07142857142857145,0.07142857142857142,0.0,-0.14285714285714285,-0.14285714285714285,-0.07142857142857142,-0.21428571428571427,-0.21428571428571427,0.46428571428571425,0.42857142857142855,0.3571428571428571,0.39285714285714285,0.35714285714285715,0.2857142857142857,0.2857142857142857,0.17857142857142855,0.14285714285714285,0.07142857142857142,0.07142857142857142,0.07142857142857142,0.0,0.0,1.0,0.7857142857142857,0.7142857142857143,0.5714285714285714,0.5714285714285714,0.5714285714285714,0.5,0.2857142857142857,0.21428571428571427,0.0,0.21428571428571427,0.2857142857142857,0.42857142857142855,0.42857142857142855,0.42857142857142855,0.5,0.7142857142857143,0.7857142857142857,0.38178828912913965,0.27999742664634714,138,14,0.13130715999118803
c4,ChatDev_ProgramDev2_GPT4o_27_scored.json,ChatDev_ProgramDev2_GPT4o_27,c4,1,0.6090387155634492,0.6001101323464852,0.0001098705191702765,0.2899404077169757,0.5731896879854727,0.7660326497833949,0.2623478433569688,0.8777875964952415,0.4263600620501655,0.09369826393283835,0.4615384615384615,0.3846153846153846,0.3846153846153846,0.3076923076923077,0.23076923076923078,0.23076923076923078,0.15384615384615385,0.07692307692307693,0.0,0.0,-0.07692307692307693,0.0,0.0,-0.07692307692307693,0.5,0.4615384615384615,0.4615384615384615,0.34615384615384615,0.3076923076923077,0.3076923076923077,0.2692307692307693,0.11538461538461539,0.07692307692307693,0.07692307692307693,0.038461538461538464,0.07692307692307693,0.07692307692307693,0.038461538461538464,0.9230769230769231,0.9230769230769231,0.8461538461538461,0.8461538461538461,0.7692307692307693,0.5384615384615384,0.38461538461538464,0.15384615384615385,0.15384615384615385,0.07692307692307693,0.07692307692307693,0.15384615384615385,0.15384615384615385,0.23076923076923078,0.46153846153846156,0.6153846153846154,0.8461538461538461,0.8461538461538461,0.5321156386403723,0.3466908722064804,132,13,0.0001098705191702765
c4,ChatDev_ProgramDev2_GPT4o_31_scored.json,ChatDev_ProgramDev2_GPT4o_31,c4,1,0.5402987242061418,0.5533700659808274,3.7266389560521204e-06,0.045565434099221015,0.24999311630652868,0.8586041084050475,0.3459612348141937,0.9473539682709406,0.37821022493598605,0.1662457612941975,0.23076923076923078,0.07692307692307693,0.0,0.23076923076923078,0.07692307692307693,0.0,-0.07692307692307693,0.15384615384615385,0.0,-0.07692307692307693,-0.15384615384615385,-0.07692307692307693,-0.15384615384615385,-0.23076923076923078,0.3076923076923077,0.23076923076923078,0.19230769230769232,0.3076923076923077,0.23076923076923078,0.19230769230769232,0.15384615384615385,0.23076923076923078,0.15384615384615385,0.11538461538461539,0.07692307692307693,0.07692307692307693,0.038461538461538464,0.0,0.8461538461538461,0.8461538461538461,0.6923076923076923,0.6153846153846154,0.5384615384615384,0.38461538461538464,0.38461538461538464,0.3076923076923077,0.23076923076923078,0.15384615384615385,0.15384615384615385,0.3076923076923077,0.38461538461538464,0.46153846153846156,0.6153846153846154,0.6153846153846154,0.6923076923076923,0.7692307692307693,0.3864525703599879,0.19433748939194806,76,13,3.7266389560521204e-06
c4,ChatDev_ProgramDev2_GPT4o_32_scored.json,ChatDev_ProgramDev2_GPT4o_32,c4,1,0.5550896097194815,0.4890123052474399,0.1506169469015785,0.21862761522291452,0.3341665222509888,0.866397093949921,0.3021684068748088,0.8902220097637676,0.4337478108741106,0.1585970313484233,0.2857142857142857,0.14285714285714288,-0.0714285714285714,0.2857142857142857,0.14285714285714288,-0.0714285714285714,-0.21428571428571425,0.21428571428571427,0.07142857142857142,-0.14285714285714285,-0.2857142857142857,0.07142857142857142,-0.14285714285714285,-0.2857142857142857,0.32142857142857145,0.25,0.14285714285714288,0.32142857142857145,0.25,0.14285714285714288,0.07142857142857145,0.25,0.17857142857142855,0.07142857142857142,0.0,0.17857142857142855,0.07142857142857142,0.0,1.0,0.9285714285714286,0.7857142857142857,0.5714285714285714,0.42857142857142855,0.35714285714285715,0.35714285714285715,0.2857142857142857,0.2857142857142857,0.0,0.07142857142857142,0.21428571428571427,0.42857142857142855,0.5714285714285714,0.6428571428571429,0.6428571428571429,0.7142857142857143,0.7142857142857143,0.4836610382909101,0.25292120284467273,111,14,0.1506169469015785
c4,ChatDev_ProgramDev2_GPT4o_35_scored.json,ChatDev_ProgramDev2_GPT4o_35,c4,1,0.6761181449085669,0.8562511622643509,1.0467401794744658e-08,0.041528417786159295,0.47975379210964286,0.9989127017609362,0.36623100903186906,0.6695339811291536,0.47328270457621735,0.40567088694514014,0.5333333333333332,0.5333333333333332,0.4666666666666666,0.39999999999999997,0.39999999999999997,0.3333333333333333,0.3333333333333333,0.39999999999999997,0.39999999999999997,0.3333333333333333,0.3333333333333333,0.1333333333333333,0.06666666666666665,0.06666666666666665,0.6333333333333333,0.6333333333333333,0.6,0.5,0.5,0.4666666666666667,0.4666666666666667,0.5,0.5,0.4666666666666667,0.4666666666666667,0.2333333333333333,0.19999999999999998,0.19999999999999998,0.8666666666666667,0.8,0.8,0.7333333333333333,0.7333333333333333,0.7333333333333333,0.6,0.6,0.3333333333333333,0.13333333333333333,0.2,0.2,0.26666666666666666,0.26666666666666666,0.26666666666666666,0.4,0.4,0.6666666666666666,0.4761181449085669,0.30988713587669786,86,15,1.0467401794744658e-08
c4,ChatDev_ProgramDev2_GPT4o_36_scored.json,ChatDev_ProgramDev2_GPT4o_36,c4,1,0.5820744401117145,0.7354822975059394,6.34880011604368e-09,3.990855198414943e-07,0.08437743556855974,0.9996834492746479,0.4250179445739532,0.7891066453068238,0.4074521099828402,0.29103722005585725,0.2857142857142857,0.2857142857142857,0.21428571428571425,0.2142857142857143,0.2142857142857143,0.14285714285714285,0.07142857142857145,0.2142857142857143,0.2142857142857143,0.14285714285714285,0.07142857142857145,0.14285714285714285,0.0714285714285714,0.0,0.42857142857142855,0.42857142857142855,0.3928571428571428,0.35714285714285715,0.35714285714285715,0.3214285714285714,0.2857142857142857,0.35714285714285715,0.35714285714285715,0.3214285714285714,0.2857142857142857,0.2857142857142857,0.24999999999999997,0.21428571428571427,0.7142857142857143,0.7142857142857143,0.7142857142857143,0.6428571428571429,0.5714285714285714,0.5714285714285714,0.5,0.5,0.42857142857142855,0.2857142857142857,0.2857142857142857,0.2857142857142857,0.35714285714285715,0.42857142857142855,0.42857142857142855,0.5,0.5,0.5714285714285714,0.2963601543974288,0.1570564955377613,104,14,6.34880011604368e-09
c4,ChatDev_ProgramDev2_GPT4o_37_scored.json,ChatDev_ProgramDev2_GPT4o_37,c4,1,0.5753824605050194,0.6635873017068549,0.08536492872878113,0.17288514839255464,0.20390774121278737,0.9579023692081508,0.3568711098675145,0.8286967871818546,0.4283772009721479,0.20549373589464978,0.2857142857142857,0.14285714285714285,0.14285714285714285,0.14285714285714285,0.0,0.0,0.0,0.07142857142857145,-0.0714285714285714,-0.0714285714285714,-0.0714285714285714,-0.14285714285714285,-0.14285714285714285,-0.14285714285714285,0.42857142857142855,0.3571428571428571,0.3571428571428571,0.2857142857142857,0.21428571428571427,0.21428571428571427,0.21428571428571427,0.2142857142857143,0.14285714285714288,0.14285714285714288,0.14285714285714288,0.07142857142857142,0.07142857142857142,0.07142857142857142,0.9285714285714286,0.7142857142857143,0.5714285714285714,0.5714285714285714,0.5714285714285714,0.5714285714285714,0.42857142857142855,0.35714285714285715,0.2857142857142857,0.07142857142857142,0.2857142857142857,0.42857142857142855,0.42857142857142855,0.42857142857142855,0.42857142857142855,0.5714285714285714,0.6428571428571429,0.7142857142857143,0.2896681747907337,0.21851135063750488,134,14,0.08536492872878113
c4,ChatDev_ProgramDev2_GPT4o_45_scored.json,ChatDev_ProgramDev2_GPT4o_45,c4,1,0.6495084155350412,0.7642171558439816,1.522997974471263e-08,0.0821106805900844,0.5136785460251609,0.9064836745115177,0.33401555726968896,0.8932941324021463,0.45465589544352275,0.27836074951501766,0.5,0.4285714285714286,0.4285714285714286,0.42857142857142855,0.3571428571428571,0.3571428571428571,0.2857142857142857,0.2857142857142857,0.21428571428571427,0.21428571428571427,0.14285714285714285,0.07142857142857142,0.07142857142857142,0.0,0.5714285714285715,0.5357142857142858,0.5357142857142858,0.5,0.46428571428571425,0.46428571428571425,0.42857142857142855,0.3571428571428571,0.3214285714285714,0.3214285714285714,0.2857142857142857,0.17857142857142855,0.17857142857142855,0.14285714285714285,0.8571428571428571,0.8571428571428571,0.7857142857142857,0.7857142857142857,0.7142857142857143,0.6428571428571429,0.5714285714285714,0.42857142857142855,0.2857142857142857,0.14285714285714285,0.14285714285714285,0.21428571428571427,0.21428571428571427,0.2857142857142857,0.35714285714285715,0.42857142857142855,0.5714285714285714,0.7142857142857143,0.5066512726778984,0.3154928582653523,119,14,1.522997974471263e-08
c4,ChatDev_ProgramDev2_GPT4o_46_scored.json,ChatDev_ProgramDev2_GPT4o_46,c4,1,0.712290563522501,0.6619766843166236,0.4985531944937216,0.515289104990465,0.6002996214497694,0.8434493261509521,0.16236674554558425,0.6669373655164703,0.6481693528138671,0.27395790904711576,0.7692307692307693,0.7692307692307693,0.7692307692307693,0.38461538461538464,0.38461538461538464,0.38461538461538464,0.23076923076923078,0.38461538461538464,0.38461538461538464,0.38461538461538464,0.23076923076923078,0.15384615384615385,0.15384615384615385,0.0,0.7692307692307693,0.7692307692307693,0.7692307692307693,0.38461538461538464,0.38461538461538464,0.38461538461538464,0.3076923076923077,0.38461538461538464,0.38461538461538464,0.38461538461538464,0.3076923076923077,0.15384615384615385,0.15384615384615385,0.07692307692307693,1.0,1.0,1.0,1.0,0.8461538461538461,0.7692307692307693,0.38461538461538464,0.38461538461538464,0.15384615384615385,0.0,0.0,0.0,0.0,0.15384615384615385,0.23076923076923078,0.6153846153846154,0.6153846153846154,0.8461538461538461,0.712290563522501,0.5499238179769167,135,13,0.4985531944937216
c4,ChatDev_ProgramDev2_GPT4o_55_scored.json,ChatDev_ProgramDev2_GPT4o_55,c4,1,0.6476873173705294,0.8295776091702178,8.315279260963632e-07,1.0677029917933763e-06,0.33151225113432115,0.9629492853873077,0.388357491895441,0.7756359729456427,0.4533813716177484,0.33926478528932497,0.42857142857142855,0.42857142857142855,0.38095238095238093,0.42857142857142855,0.42857142857142855,0.38095238095238093,0.38095238095238093,0.28571428571428575,0.28571428571428575,0.23809523809523814,0.23809523809523814,0.14285714285714285,0.09523809523809523,0.09523809523809523,0.5476190476190476,0.5476190476190476,0.5238095238095237,0.5476190476190476,0.5476190476190476,0.5238095238095237,0.5238095238095237,0.40476190476190477,0.40476190476190477,0.380952380952381,0.380952380952381,0.26190476190476186,0.23809523809523808,0.23809523809523808,0.7619047619047619,0.7619047619047619,0.7619047619047619,0.7142857142857143,0.7142857142857143,0.6666666666666666,0.6666666666666666,0.5238095238095238,0.38095238095238093,0.23809523809523808,0.23809523809523808,0.23809523809523808,0.2857142857142857,0.2857142857142857,0.3333333333333333,0.3333333333333333,0.47619047619047616,0.6190476190476191,0.40959207927529134,0.2593298254750884,251,21,8.315279260963632e-07
c4,ChatDev_ProgramDev2_GPT4o_57_scored.json,ChatDev_ProgramDev2_GPT4o_57,c4,1,0.60718565770941,0.7923463854419498,1.7257827987960214e-08,2.510999155743982e-08,0.24999924601431547,0.9591987659497424,0.3871650612784105,0.856087393862389,0.42502996557393535,0.28023953432742005,0.38461538461538464,0.3076923076923077,0.3076923076923077,0.30769230769230765,0.23076923076923073,0.23076923076923073,0.23076923076923073,0.23076923076923078,0.15384615384615385,0.15384615384615385,0.15384615384615385,0.0,0.0,0.0,0.5,0.46153846153846156,0.46153846153846156,0.423076923076923,0.3846153846153846,0.3846153846153846,0.3846153846153846,0.34615384615384615,0.3076923076923077,0.3076923076923077,0.3076923076923077,0.15384615384615385,0.15384615384615385,0.15384615384615385,0.7692307692307693,0.7692307692307693,0.6923076923076923,0.6923076923076923,0.6923076923076923,0.6153846153846154,0.5384615384615384,0.46153846153846156,0.3076923076923077,0.23076923076923078,0.23076923076923078,0.3076923076923077,0.3076923076923077,0.3076923076923077,0.38461538461538464,0.46153846153846156,0.5384615384615384,0.6923076923076923,0.37641642694017924,0.22002059643099953,123,13,1.7257827987960214e-08
c4,ChatDev_ProgramDev2_GPT4o_5_scored.json,ChatDev_ProgramDev2_GPT4o_5,c4,1,0.5402436281303173,0.602262224883174,0.0009110514045295695,0.06864424613412351,0.4008084865241014,0.7310573067593097,0.28633159716908624,0.9190368861092725,0.378443855112581,0.08311440432774113,0.3846153846153846,0.3846153846153846,0.30769230769230765,0.15384615384615385,0.15384615384615385,0.07692307692307693,0.0,0.0,0.0,-0.07692307692307693,-0.15384615384615385,-0.07692307692307693,-0.15384615384615385,-0.23076923076923078,0.4615384615384615,0.4615384615384615,0.423076923076923,0.23076923076923078,0.23076923076923078,0.19230769230769232,0.15384615384615385,0.07692307692307693,0.07692307692307693,0.038461538461538464,0.0,0.0,-0.038461538461538464,-0.07692307692307693,0.8461538461538461,0.8461538461538461,0.8461538461538461,0.7692307692307693,0.6923076923076923,0.5384615384615384,0.3076923076923077,0.15384615384615385,0.07692307692307693,0.15384615384615385,0.15384615384615385,0.15384615384615385,0.23076923076923078,0.3076923076923077,0.46153846153846156,0.6923076923076923,0.8461538461538461,0.9230769230769231,0.3863974742841635,0.2539120309612311,76,13,0.0009110514045295695
c4,ChatDev_ProgramDev2_GPT4o_60_scored.json,ChatDev_ProgramDev2_GPT4o_60,c4,1,0.6293394317136622,0.6464346644718648,0.0028730007605896027,0.2973561835288975,0.5284369258706767,0.7407156824415511,0.2703377279876341,0.827409557091281,0.44139950242774045,0.13485844965292762,0.6428571428571429,0.5714285714285714,0.5714285714285714,0.2857142857142857,0.2142857142857143,0.2142857142857143,0.14285714285714288,0.14285714285714285,0.07142857142857142,0.07142857142857142,0.0,0.07142857142857142,0.07142857142857142,0.0,0.6785714285714286,0.6428571428571429,0.6428571428571429,0.32142857142857145,0.2857142857142857,0.2857142857142857,0.25,0.17857142857142855,0.14285714285714285,0.14285714285714285,0.10714285714285714,0.14285714285714285,0.14285714285714285,0.10714285714285714,0.9285714285714286,0.9285714285714286,0.8571428571428571,0.8571428571428571,0.7857142857142857,0.7142857142857143,0.35714285714285715,0.21428571428571427,0.21428571428571427,0.07142857142857142,0.07142857142857142,0.14285714285714285,0.14285714285714285,0.21428571428571427,0.2857142857142857,0.6428571428571429,0.7857142857142857,0.7857142857142857,0.5579108602850908,0.35900170372602813,159,14,0.0028730007605896027
c4,ChatDev_ProgramDev2_GPT4o_61_scored.json,ChatDev_ProgramDev2_GPT4o_61,c4,1,0.6004664909538401,0.6193462917799301,0.048279635788111896,0.19024673744754514,0.3631813982042428,0.9447763324957993,0.32213932463753703,0.9285249215482251,0.4348104344041216,0.21445231819780003,0.3571428571428571,0.3571428571428571,0.21428571428571425,0.14285714285714288,0.14285714285714288,0.0,-0.0714285714285714,0.14285714285714288,0.14285714285714288,0.0,-0.0714285714285714,0.07142857142857142,-0.07142857142857145,-0.14285714285714285,0.46428571428571425,0.46428571428571425,0.3928571428571428,0.25,0.25,0.17857142857142858,0.14285714285714288,0.25,0.25,0.17857142857142858,0.14285714285714288,0.17857142857142855,0.10714285714285712,0.07142857142857142,0.9285714285714286,0.7857142857142857,0.7857142857142857,0.6428571428571429,0.5714285714285714,0.5714285714285714,0.35714285714285715,0.35714285714285715,0.2857142857142857,0.07142857142857142,0.21428571428571427,0.21428571428571427,0.35714285714285715,0.42857142857142855,0.42857142857142855,0.6428571428571429,0.6428571428571429,0.7142857142857143,0.3861807766681258,0.27832716631630305,126,14,0.048279635788111896
c4,ChatDev_ProgramDev2_GPT4o_62_scored.json,ChatDev_ProgramDev2_GPT4o_62,c4,1,0.5721306216991975,0.6562130849340829,8.764248219443636e-08,2.0905974296728503e-07,0.26028040040462097,0.8919182043970674,0.36845180554376705,0.9285012313356796,0.40049146148218284,0.22885224867967902,0.3333333333333333,0.2,0.2,0.26666666666666666,0.13333333333333336,0.13333333333333336,0.13333333333333336,0.2,0.06666666666666671,0.06666666666666671,0.06666666666666671,-0.06666666666666665,-0.06666666666666665,-0.06666666666666665,0.43333333333333335,0.3666666666666667,0.3666666666666667,0.3666666666666667,0.30000000000000004,0.30000000000000004,0.30000000000000004,0.30000000000000004,0.23333333333333336,0.23333333333333336,0.23333333333333336,0.1,0.1,0.1,0.8,0.8,0.6666666666666666,0.6666666666666666,0.6666666666666666,0.5333333333333333,0.4666666666666667,0.4,0.26666666666666666,0.2,0.2,0.3333333333333333,0.3333333333333333,0.3333333333333333,0.4666666666666667,0.5333333333333333,0.6,0.7333333333333333,0.3721306216991975,0.20367881615543043,144,15,8.764248219443636e-08
c4,ChatDev_ProgramDev2_GPT4o_63_scored.json,ChatDev_ProgramDev2_GPT4o_63,c4,1,0.633990066071117,0.5914431252198716,0.22990454175835595,0.32434533255803905,0.39593139935840016,0.8352642018694357,0.27201423029341765,0.6573135978285153,0.5127644087772886,0.29261079972513093,0.46153846153846156,0.38461538461538464,0.15384615384615385,0.46153846153846156,0.38461538461538464,0.15384615384615385,0.0,0.46153846153846156,0.38461538461538464,0.15384615384615385,0.0,0.15384615384615385,-0.07692307692307693,-0.23076923076923078,0.46153846153846156,0.42307692307692313,0.3076923076923077,0.46153846153846156,0.42307692307692313,0.3076923076923077,0.23076923076923078,0.46153846153846156,0.42307692307692313,0.3076923076923077,0.23076923076923078,0.19230769230769232,0.07692307692307693,0.0,1.0,1.0,0.9230769230769231,0.6923076923076923,0.5384615384615384,0.46153846153846156,0.46153846153846156,0.46153846153846156,0.23076923076923078,0.0,0.0,0.07692307692307693,0.3076923076923077,0.46153846153846156,0.5384615384615384,0.5384615384615384,0.5384615384615384,0.7692307692307693,0.633990066071117,0.3619758357776993,166,13,0.22990454175835595
c4,ChatDev_ProgramDev2_GPT4o_64_scored.json,ChatDev_ProgramDev2_GPT4o_64,c4,1,0.6594316108532178,0.8020824576241885,0.11920292052939573,0.19209161788876578,0.3440249666744496,0.9602051621710415,0.3298693062332408,0.7658843345093678,0.4973630037560711,0.3297158054266089,0.5,0.4285714285714286,0.28571428571428575,0.42857142857142855,0.3571428571428571,0.21428571428571425,0.21428571428571425,0.35714285714285715,0.2857142857142857,0.14285714285714285,0.14285714285714285,0.21428571428571427,0.0714285714285714,0.0714285714285714,0.5714285714285715,0.5357142857142858,0.4642857142857143,0.5,0.46428571428571425,0.3928571428571428,0.3928571428571428,0.4285714285714286,0.39285714285714285,0.3214285714285714,0.3214285714285714,0.3214285714285714,0.24999999999999997,0.24999999999999997,1.0,0.8571428571428571,0.7857142857142857,0.6428571428571429,0.6428571428571429,0.6428571428571429,0.5714285714285714,0.5,0.42857142857142855,0.0,0.14285714285714285,0.21428571428571427,0.35714285714285715,0.35714285714285715,0.35714285714285715,0.42857142857142855,0.5,0.5714285714285714,0.5165744679960749,0.329562304619977,107,14,0.11920292052939573
c4,ChatDev_ProgramDev2_GPT4o_65_scored.json,ChatDev_ProgramDev2_GPT4o_65,c4,1,0.6303587850846091,0.66658973347114,0.01717339051303557,0.3379740082155484,0.39874725924099624,0.7849035723578272,0.2789399623096906,0.9473539682709406,0.446403166713137,0.1454674119426021,0.4615384615384615,0.4615384615384615,0.23076923076923073,0.38461538461538464,0.38461538461538464,0.15384615384615385,0.15384615384615385,0.15384615384615385,0.15384615384615385,-0.07692307692307693,-0.07692307692307693,0.15384615384615385,-0.07692307692307693,-0.07692307692307693,0.5,0.5,0.3846153846153846,0.42307692307692313,0.42307692307692313,0.3076923076923077,0.3076923076923077,0.19230769230769232,0.19230769230769232,0.07692307692307693,0.07692307692307693,0.19230769230769232,0.07692307692307693,0.07692307692307693,0.9230769230769231,0.9230769230769231,0.9230769230769231,0.6923076923076923,0.6923076923076923,0.5384615384615384,0.46153846153846156,0.23076923076923078,0.23076923076923078,0.07692307692307693,0.07692307692307693,0.07692307692307693,0.3076923076923077,0.3076923076923077,0.46153846153846156,0.5384615384615384,0.7692307692307693,0.7692307692307693,0.5534357081615322,0.3514188227749185,131,13,0.01717339051303557
c4,ChatDev_ProgramDev2_GPT4o_67_scored.json,ChatDev_ProgramDev2_GPT4o_67,c4,1,0.6399180527229588,0.7183205432922222,0.0,0.09999727904244189,0.49010953951083297,0.8725950667745745,0.32268727564131733,0.8549912206176892,0.4479426369060711,0.18283372934941677,0.5714285714285714,0.5714285714285714,0.5,0.42857142857142855,0.42857142857142855,0.3571428571428571,0.2857142857142857,0.14285714285714285,0.14285714285714285,0.07142857142857142,0.0,0.14285714285714285,0.07142857142857142,0.0,0.6428571428571429,0.6428571428571429,0.6071428571428572,0.5,0.5,0.46428571428571425,0.42857142857142855,0.21428571428571427,0.21428571428571427,0.17857142857142855,0.14285714285714285,0.21428571428571427,0.17857142857142855,0.14285714285714285,0.8571428571428571,0.8571428571428571,0.8571428571428571,0.7857142857142857,0.7142857142857143,0.7142857142857143,0.5714285714285714,0.2857142857142857,0.2857142857142857,0.14285714285714285,0.14285714285714285,0.14285714285714285,0.21428571428571427,0.2857142857142857,0.2857142857142857,0.42857142857142855,0.7142857142857143,0.7142857142857143,0.4970609098658159,0.31723077708164144,111,14,0.0
c4,ChatDev_ProgramDev2_GPT4o_68_scored.json,ChatDev_ProgramDev2_GPT4o_68,c4,1,0.6136829129640577,0.5384598651095169,0.09177702365872671,0.35922178779448316,0.43426753303656074,0.7499938946336886,0.2571487396164253,0.8940282437120122,0.4571111461724584,0.1416191337609364,0.38461538461538464,0.38461538461538464,0.3076923076923077,0.3076923076923077,0.3076923076923077,0.23076923076923078,0.07692307692307693,0.15384615384615385,0.15384615384615385,0.07692307692307693,-0.07692307692307693,0.15384615384615385,0.07692307692307693,-0.07692307692307693,0.42307692307692313,0.42307692307692313,0.38461538461538464,0.34615384615384615,0.34615384615384615,0.3076923076923077,0.23076923076923078,0.19230769230769232,0.19230769230769232,0.15384615384615385,0.07692307692307693,0.19230769230769232,0.15384615384615385,0.07692307692307693,0.9230769230769231,0.9230769230769231,0.9230769230769231,0.8461538461538461,0.6923076923076923,0.46153846153846156,0.38461538461538464,0.23076923076923078,0.23076923076923078,0.07692307692307693,0.07692307692307693,0.07692307692307693,0.15384615384615385,0.3076923076923077,0.5384615384615384,0.6153846153846154,0.7692307692307693,0.7692307692307693,0.5367598360409809,0.35653417334763243,124,13,0.09177702365872671
c4,ChatDev_ProgramDev2_GPT4o_71_scored.json,ChatDev_ProgramDev2_GPT4o_71,c4,1,0.6449555531709611,0.6265295500726167,0.28571312574727653,0.42233882804622774,0.4547689008855563,0.777982437352924,0.2100816596594562,0.7648208194538375,0.5371828249438557,0.14883589688560642,0.6923076923076923,0.6153846153846154,0.6153846153846154,0.3076923076923077,0.23076923076923078,0.23076923076923078,0.0,0.23076923076923078,0.15384615384615385,0.15384615384615385,-0.07692307692307693,0.07692307692307693,0.07692307692307693,-0.15384615384615385,0.6923076923076923,0.6538461538461539,0.6538461538461539,0.3076923076923077,0.2692307692307693,0.2692307692307693,0.15384615384615385,0.23076923076923078,0.19230769230769232,0.19230769230769232,0.07692307692307693,0.11538461538461539,0.11538461538461539,0.0,1.0,1.0,0.9230769230769231,0.9230769230769231,0.6923076923076923,0.6923076923076923,0.3076923076923077,0.23076923076923078,0.15384615384615385,0.0,0.0,0.07692307692307693,0.07692307692307693,0.3076923076923077,0.3076923076923077,0.6923076923076923,0.7692307692307693,0.8461538461538461,0.6449555531709611,0.4348738935115049,128,13,0.28571312574727653
c4,ChatDev_ProgramDev2_GPT4o_72_scored.json,ChatDev_ProgramDev2_GPT4o_72,c4,1,0.635271890242187,0.7114616512861339,0.13584691174659103,0.24098351123282424,0.33323072140324456,0.9924428581693535,0.30365672132404536,0.9473539682709406,0.4854443966935082,0.19546827392067292,0.4615384615384615,0.3846153846153846,0.23076923076923073,0.4615384615384615,0.3846153846153846,0.23076923076923073,0.1538461538461538,0.23076923076923078,0.15384615384615385,0.0,-0.07692307692307693,0.15384615384615385,0.0,-0.07692307692307693,0.5,0.4615384615384615,0.3846153846153846,0.5,0.4615384615384615,0.3846153846153846,0.34615384615384615,0.2692307692307693,0.23076923076923078,0.15384615384615385,0.11538461538461539,0.23076923076923078,0.15384615384615385,0.11538461538461539,1.0,0.9230769230769231,0.8461538461538461,0.6923076923076923,0.6153846153846154,0.5384615384615384,0.5384615384615384,0.3076923076923077,0.3076923076923077,0.0,0.07692307692307693,0.15384615384615385,0.3076923076923077,0.38461538461538464,0.46153846153846156,0.46153846153846156,0.6923076923076923,0.6923076923076923,0.5583488133191101,0.33161516891814163,99,13,0.13584691174659103
c4,ChatDev_ProgramDev2_GPT4o_73_scored.json,ChatDev_ProgramDev2_GPT4o_73,c4,1,0.6760254083720745,0.6558224396398772,0.010986915388990461,0.36583571216434063,0.5313205758565667,0.9637216463749563,0.2831941228556162,0.8902220097637678,0.4765138604771492,0.24143764584716945,0.5,0.5,0.42857142857142855,0.3571428571428571,0.3571428571428571,0.2857142857142857,0.21428571428571427,0.2857142857142857,0.2857142857142857,0.2142857142857143,0.14285714285714288,0.21428571428571427,0.14285714285714285,0.07142857142857142,0.5357142857142857,0.5357142857142857,0.5,0.39285714285714285,0.39285714285714285,0.3571428571428571,0.3214285714285714,0.32142857142857145,0.32142857142857145,0.2857142857142857,0.25,0.25,0.21428571428571427,0.17857142857142855,0.9285714285714286,0.9285714285714286,0.9285714285714286,0.8571428571428571,0.7857142857142857,0.5714285714285714,0.42857142857142855,0.35714285714285715,0.2857142857142857,0.07142857142857142,0.07142857142857142,0.07142857142857142,0.14285714285714285,0.21428571428571427,0.42857142857142855,0.5714285714285714,0.6428571428571429,0.7142857142857143,0.6045968369435031,0.3928312855164583,141,14,0.010986915388990461
c4,ChatDev_ProgramDev2_GPT4o_75_scored.json,ChatDev_ProgramDev2_GPT4o_75,c4,1,0.4555030065074908,0.5377774531232643,5.3157852544244216e-08,0.0004513922623669667,0.13970099345298986,0.6616079147970304,0.33219329469736825,0.9718495448242643,0.3188521205025993,0.06073373420099878,0.13333333333333336,0.06666666666666671,0.0,0.0,-0.06666666666666665,-0.13333333333333336,-0.2,-0.13333333333333333,-0.19999999999999998,-0.2666666666666667,-0.33333333333333337,-0.19999999999999998,-0.2666666666666667,-0.33333333333333337,0.2666666666666667,0.23333333333333336,0.2,0.13333333333333333,0.1,0.06666666666666665,0.033333333333333326,0.0,-0.033333333333333326,-0.06666666666666668,-0.1,-0.033333333333333326,-0.06666666666666668,-0.1,0.7333333333333333,0.7333333333333333,0.6666666666666666,0.6,0.5333333333333333,0.4,0.26666666666666666,0.13333333333333333,0.13333333333333333,0.26666666666666666,0.26666666666666666,0.3333333333333333,0.4,0.4666666666666667,0.6,0.7333333333333333,0.8666666666666667,0.8666666666666667,0.18883633984082415,0.12330971181012257,111,15,5.3157852544244216e-08
c4,ChatDev_ProgramDev2_GPT4o_79_scored.json,ChatDev_ProgramDev2_GPT4o_79,c4,1,0.5773989751789613,0.48887532240325615,1.3440409951135022e-08,0.09905822799756174,0.34879310924670814,0.9668642801863028,0.3486157303809619,0.9134443205612237,0.4041792866573959,0.20621391970677191,0.2857142857142857,0.2857142857142857,0.14285714285714285,0.2857142857142857,0.2857142857142857,0.14285714285714285,-0.07142857142857145,0.2142857142857143,0.2142857142857143,0.07142857142857145,-0.14285714285714285,0.2142857142857143,0.07142857142857145,-0.14285714285714285,0.3571428571428571,0.3571428571428571,0.2857142857142857,0.3571428571428571,0.3571428571428571,0.2857142857142857,0.17857142857142855,0.2857142857142857,0.2857142857142857,0.2142857142857143,0.10714285714285715,0.2857142857142857,0.2142857142857143,0.10714285714285715,0.8571428571428571,0.8571428571428571,0.8571428571428571,0.7142857142857143,0.5,0.42857142857142855,0.42857142857142855,0.35714285714285715,0.35714285714285715,0.14285714285714285,0.14285714285714285,0.14285714285714285,0.2857142857142857,0.5,0.5714285714285714,0.5714285714285714,0.6428571428571429,0.6428571428571429,0.4345418323218185,0.22878324479799944,138,14,1.3440409951135022e-08
c4,ChatDev_ProgramDev2_GPT4o_80_scored.json,ChatDev_ProgramDev2_GPT4o_80,c4,1,0.6769235644563001,0.887467996464137,0.00037256810455560965,0.12974974402774783,0.3340504892560798,0.9901927452186949,0.36679942262738513,0.6936378636694054,0.4739582655507767,0.3868134654036,0.5,0.4285714285714286,0.28571428571428575,0.5,0.4285714285714286,0.28571428571428575,0.28571428571428575,0.42857142857142855,0.3571428571428571,0.21428571428571425,0.21428571428571425,0.21428571428571427,0.0714285714285714,0.0714285714285714,0.5714285714285715,0.5357142857142858,0.4642857142857143,0.5714285714285715,0.5357142857142858,0.4642857142857143,0.4642857142857143,0.5,0.46428571428571425,0.3928571428571428,0.3928571428571428,0.3214285714285714,0.24999999999999997,0.24999999999999997,0.8571428571428571,0.8571428571428571,0.7857142857142857,0.6428571428571429,0.6428571428571429,0.6428571428571429,0.6428571428571429,0.5714285714285714,0.42857142857142855,0.14285714285714285,0.14285714285714285,0.21428571428571427,0.35714285714285715,0.35714285714285715,0.35714285714285715,0.35714285714285715,0.42857142857142855,0.5714285714285714,0.5340664215991573,0.31012414182891496,150,14,0.00037256810455560965
c4,ChatDev_ProgramDev2_GPT4o_82_scored.json,ChatDev_ProgramDev2_GPT4o_82,c4,1,0.5474827957162838,0.6002997340725473,0.12110487351735102,0.15332462391995366,0.19075259140016004,0.8368423233935645,0.3320408933623791,0.9061046786569097,0.41956941905660394,0.16845624483577964,0.23076923076923073,0.1538461538461538,0.1538461538461538,0.07692307692307693,0.0,0.0,-0.07692307692307693,0.0,-0.07692307692307693,-0.07692307692307693,-0.15384615384615385,-0.15384615384615385,-0.15384615384615385,-0.23076923076923078,0.3846153846153846,0.34615384615384615,0.34615384615384615,0.23076923076923078,0.19230769230769232,0.19230769230769232,0.15384615384615385,0.15384615384615385,0.11538461538461539,0.11538461538461539,0.07692307692307693,0.038461538461538464,0.038461538461538464,0.0,1.0,0.6923076923076923,0.6153846153846154,0.6153846153846154,0.5384615384615384,0.5384615384615384,0.38461538461538464,0.3076923076923077,0.23076923076923078,0.0,0.3076923076923077,0.38461538461538464,0.38461538461538464,0.46153846153846156,0.46153846153846156,0.6153846153846154,0.6923076923076923,0.7692307692307693,0.23979048802397607,0.2154419023539047,114,13,0.12110487351735102
c4,ChatDev_ProgramDev2_GPT4o_84_scored.json,ChatDev_ProgramDev2_GPT4o_84,c4,1,0.5306083035268561,0.4238717836594832,0.0016087585068781665,0.16118621226863378,0.2805927166160196,0.9209671738880485,0.34436829086561516,0.9397387539970584,0.3719084400208627,0.15160237243624458,0.21428571428571427,0.0714285714285714,-0.07142857142857145,0.07142857142857142,-0.07142857142857145,-0.2142857142857143,-0.2857142857142857,0.07142857142857142,-0.07142857142857145,-0.2142857142857143,-0.2857142857142857,-0.07142857142857145,-0.2142857142857143,-0.2857142857142857,0.3214285714285714,0.24999999999999997,0.17857142857142855,0.17857142857142855,0.10714285714285712,0.0357142857142857,0.0,0.17857142857142855,0.10714285714285712,0.0357142857142857,0.0,0.10714285714285712,0.0357142857142857,0.0,0.9285714285714286,0.7857142857142857,0.6428571428571429,0.5,0.42857142857142855,0.42857142857142855,0.2857142857142857,0.2857142857142857,0.2857142857142857,0.07142857142857142,0.21428571428571427,0.35714285714285715,0.5,0.5714285714285714,0.5714285714285714,0.7142857142857143,0.7142857142857143,0.7142857142857143,0.31632258924114176,0.1862400126612409,156,14,0.0016087585068781665
c4,ChatDev_ProgramDev2_GPT4o_8_scored.json,ChatDev_ProgramDev2_GPT4o_8,c4,1,0.5790537739984585,0.5000000571180176,0.10459334741757194,0.31445690688156375,0.3576554757726779,0.851949685328877,0.28823356984751286,0.8777875964952415,0.4367156460241925,0.1781703919995257,0.38461538461538464,0.38461538461538464,0.0,0.23076923076923078,0.23076923076923078,-0.15384615384615385,-0.15384615384615385,0.23076923076923078,0.23076923076923078,-0.15384615384615385,-0.15384615384615385,0.15384615384615385,-0.23076923076923078,-0.23076923076923078,0.42307692307692313,0.42307692307692313,0.23076923076923078,0.2692307692307693,0.2692307692307693,0.07692307692307693,0.07692307692307693,0.2692307692307693,0.2692307692307693,0.07692307692307693,0.07692307692307693,0.19230769230769232,0.0,0.0,1.0,0.9230769230769231,0.9230769230769231,0.5384615384615384,0.5384615384615384,0.46153846153846156,0.3076923076923077,0.3076923076923077,0.23076923076923078,0.0,0.07692307692307693,0.07692307692307693,0.46153846153846156,0.46153846153846156,0.5384615384615384,0.6923076923076923,0.6923076923076923,0.7692307692307693,0.5021306970753816,0.2908202041509456,103,13,0.10459334741757194
c4,ChatDev_ProgramDev2_GPT4o_91_scored.json,ChatDev_ProgramDev2_GPT4o_91,c4,1,0.6085237989296547,0.643578288113149,2.1586486666319633e-07,0.04214819224534983,0.44610472719916877,0.9325365464664181,0.35052758546150664,0.8277703117007208,0.4259667240102183,0.23404761497294413,0.38461538461538464,0.38461538461538464,0.38461538461538464,0.23076923076923078,0.23076923076923078,0.23076923076923078,0.07692307692307693,0.15384615384615385,0.15384615384615385,0.15384615384615385,0.0,0.15384615384615385,0.15384615384615385,0.0,0.5,0.5,0.5,0.34615384615384615,0.34615384615384615,0.34615384615384615,0.2692307692307693,0.2692307692307693,0.2692307692307693,0.2692307692307693,0.19230769230769232,0.2692307692307693,0.2692307692307693,0.19230769230769232,0.8461538461538461,0.7692307692307693,0.7692307692307693,0.7692307692307693,0.6153846153846154,0.6153846153846154,0.46153846153846156,0.38461538461538464,0.38461538461538464,0.15384615384615385,0.23076923076923078,0.23076923076923078,0.23076923076923078,0.38461538461538464,0.38461538461538464,0.5384615384615384,0.6153846153846154,0.6153846153846154,0.3777545681604239,0.25799621346814805,118,13,2.1586486666319633e-07
c4,ChatDev_ProgramDev2_GPT4o_94_scored.json,ChatDev_ProgramDev2_GPT4o_94,c4,1,0.5496724652127842,0.5500886807084728,0.07929860230380989,0.0986783636269146,0.1803833953055872,0.8333555009469467,0.34187849072634324,0.8902220097637678,0.4085603063400919,0.1963115947188515,0.14285714285714285,0.14285714285714285,0.0714285714285714,0.14285714285714285,0.14285714285714285,0.0714285714285714,0.0,0.07142857142857145,0.07142857142857145,0.0,-0.0714285714285714,-0.07142857142857142,-0.14285714285714288,-0.21428571428571427,0.2857142857142857,0.2857142857142857,0.24999999999999997,0.2857142857142857,0.2857142857142857,0.24999999999999997,0.21428571428571427,0.2142857142857143,0.2142857142857143,0.17857142857142858,0.14285714285714288,0.07142857142857142,0.0357142857142857,0.0,0.8571428571428571,0.7142857142857143,0.7142857142857143,0.6428571428571429,0.5714285714285714,0.42857142857142855,0.42857142857142855,0.35714285714285715,0.21428571428571427,0.14285714285714285,0.2857142857142857,0.2857142857142857,0.35714285714285715,0.42857142857142855,0.5714285714285714,0.5714285714285714,0.6428571428571429,0.7857142857142857,0.26395817949849854,0.207793974486441,113,14,0.07929860230380989
c4,ChatDev_ProgramDev2_GPT4o_95_scored.json,ChatDev_ProgramDev2_GPT4o_95,c4,1,0.6595799979156545,0.8007956097774012,4.691164021834418e-08,0.17446071165711052,0.33849310948996836,0.9665945858803714,0.34498462828100945,0.8506318678887369,0.46170601261445016,0.32978999895782724,0.5,0.3571428571428572,0.3571428571428572,0.42857142857142855,0.2857142857142857,0.2857142857142857,0.2857142857142857,0.35714285714285715,0.2142857142857143,0.2142857142857143,0.2142857142857143,0.07142857142857145,0.07142857142857145,0.07142857142857145,0.5714285714285715,0.5,0.5,0.5,0.42857142857142855,0.42857142857142855,0.42857142857142855,0.4285714285714286,0.35714285714285715,0.35714285714285715,0.35714285714285715,0.2142857142857143,0.2142857142857143,0.2142857142857143,0.9285714285714286,0.8571428571428571,0.7142857142857143,0.7142857142857143,0.7142857142857143,0.6428571428571429,0.5714285714285714,0.5,0.35714285714285715,0.07142857142857142,0.14285714285714285,0.2857142857142857,0.2857142857142857,0.2857142857142857,0.35714285714285715,0.42857142857142855,0.5,0.6428571428571429,0.5167228550585117,0.314595369634645,119,14,4.691164021834418e-08
c4,ChatDev_ProgramDev2_GPT4o_98_scored.json,ChatDev_ProgramDev2_GPT4o_98,c4,1,0.5360675694656138,0.4964820922086956,0.01406361981432138,0.03327221190263911,0.3998919999528116,0.7885773850758313,0.334162502910334,0.9635946154877112,0.3794663845702261,0.12370790064591089,0.23076923076923078,0.23076923076923078,0.15384615384615385,0.15384615384615385,0.15384615384615385,0.07692307692307693,-0.1538461538461538,0.0,0.0,-0.07692307692307693,-0.30769230769230765,0.0,-0.07692307692307693,-0.30769230769230765,0.34615384615384615,0.34615384615384615,0.3076923076923077,0.2692307692307693,0.2692307692307693,0.23076923076923078,0.11538461538461542,0.11538461538461539,0.11538461538461539,0.07692307692307693,-0.038461538461538436,0.11538461538461539,0.07692307692307693,-0.038461538461538436,0.7692307692307693,0.7692307692307693,0.7692307692307693,0.6923076923076923,0.46153846153846156,0.46153846153846156,0.38461538461538464,0.23076923076923078,0.23076923076923078,0.23076923076923078,0.23076923076923078,0.23076923076923078,0.3076923076923077,0.5384615384615384,0.5384615384615384,0.6153846153846154,0.7692307692307693,0.7692307692307693,0.30529833869638306,0.20190506655527984,105,13,0.01406361981432138
c4,ChatDev_ProgramDev_GPT4o_18_scored.json,ChatDev_ProgramDev_GPT4o_18,c4,1,0.7184715681816156,0.7478710328692649,0.16697009339967148,0.4162188298093078,0.6241726813588853,0.963020111036525,0.24638528915930435,0.8148381042483582,0.5530211257470323,0.33160226223766875,0.6923076923076923,0.6923076923076923,0.6153846153846154,0.4615384615384615,0.4615384615384615,0.3846153846153846,0.30769230769230765,0.38461538461538464,0.38461538461538464,0.3076923076923077,0.23076923076923078,0.23076923076923078,0.15384615384615385,0.07692307692307693,0.7307692307692308,0.7307692307692308,0.6923076923076923,0.5,0.5,0.4615384615384615,0.423076923076923,0.42307692307692313,0.42307692307692313,0.38461538461538464,0.34615384615384615,0.2692307692307693,0.23076923076923078,0.19230769230769232,1.0,0.9230769230769231,0.9230769230769231,0.8461538461538461,0.7692307692307693,0.7692307692307693,0.5384615384615384,0.46153846153846156,0.3076923076923077,0.0,0.07692307692307693,0.07692307692307693,0.15384615384615385,0.23076923076923078,0.23076923076923078,0.46153846153846156,0.5384615384615384,0.6923076923076923,0.6415484912585387,0.47208627902231126,184,13,0.16697009339967148
c4,ChatDev_ProgramDev_GPT4o_27_scored.json,ChatDev_ProgramDev_GPT4o_27,c4,1,0.6302395007871702,0.69082084792861,0.0015987807894642717,0.24479397753961893,0.33335620734248517,0.9403808026002656,0.33068621083773475,0.8560873938623892,0.44164728478785836,0.2908797695940786,0.4615384615384615,0.30769230769230765,0.23076923076923073,0.38461538461538464,0.23076923076923078,0.15384615384615385,0.07692307692307693,0.38461538461538464,0.23076923076923078,0.15384615384615385,0.07692307692307693,0.07692307692307693,0.0,-0.07692307692307693,0.5,0.423076923076923,0.3846153846153846,0.42307692307692313,0.34615384615384615,0.3076923076923077,0.2692307692307693,0.42307692307692313,0.34615384615384615,0.3076923076923077,0.2692307692307693,0.19230769230769232,0.15384615384615385,0.11538461538461539,0.9230769230769231,0.9230769230769231,0.7692307692307693,0.6923076923076923,0.6153846153846154,0.5384615384615384,0.46153846153846156,0.46153846153846156,0.3076923076923077,0.07692307692307693,0.07692307692307693,0.23076923076923078,0.3076923076923077,0.38461538461538464,0.46153846153846156,0.5384615384615384,0.5384615384615384,0.6923076923076923,0.5533164238640933,0.2995532899494354,218,13,0.0015987807894642717
c4,ChatDev_ProgramDev_GPT4o_5_scored.json,ChatDev_ProgramDev_GPT4o_5,c4,1,0.4701629200518749,0.507031076310871,2.382369667501818e-07,0.1399020395703462,0.3491376162495667,0.5839828375518958,0.2463645852287706,0.8810960362596494,0.32911411550740244,0.03616637846552884,0.07692307692307693,0.0,-0.07692307692307693,-0.07692307692307693,-0.15384615384615385,-0.23076923076923078,-0.3076923076923077,-0.07692307692307693,-0.15384615384615385,-0.23076923076923078,-0.3076923076923077,-0.15384615384615385,-0.23076923076923078,-0.3076923076923077,0.15384615384615385,0.11538461538461539,0.07692307692307693,0.0,-0.038461538461538464,-0.07692307692307693,-0.11538461538461539,0.0,-0.038461538461538464,-0.07692307692307693,-0.11538461538461539,-0.038461538461538464,-0.07692307692307693,-0.11538461538461539,0.9230769230769231,0.8461538461538461,0.7692307692307693,0.6923076923076923,0.6153846153846154,0.23076923076923078,0.07692307692307693,0.07692307692307693,0.07692307692307693,0.07692307692307693,0.15384615384615385,0.23076923076923078,0.3076923076923077,0.38461538461538464,0.7692307692307693,0.9230769230769231,0.9230769230769231,0.9230769230769231,0.316316766205721,0.22379833482310427,89,13,2.382369667501818e-07
c4,ChatDev_ProgramDev_GPT4o_8_scored.json,ChatDev_ProgramDev_GPT4o_8,c4,1,0.5962153427996395,0.6771716884297149,3.551636486983776e-07,0.30382473622290945,0.43577667778795404,0.7875167040451662,0.2645068937457012,0.9190368861092725,0.41735084650884224,0.0917254373537907,0.4615384615384615,0.3846153846153846,0.30769230769230765,0.38461538461538464,0.3076923076923077,0.23076923076923078,0.07692307692307693,0.07692307692307693,0.0,-0.07692307692307693,-0.23076923076923078,-0.07692307692307693,-0.15384615384615385,-0.3076923076923077,0.5,0.4615384615384615,0.423076923076923,0.42307692307692313,0.38461538461538464,0.34615384615384615,0.2692307692307693,0.11538461538461539,0.07692307692307693,0.038461538461538464,-0.038461538461538464,0.0,-0.038461538461538464,-0.11538461538461539,0.9230769230769231,0.9230769230769231,0.8461538461538461,0.7692307692307693,0.6153846153846154,0.5384615384615384,0.46153846153846156,0.15384615384615385,0.07692307692307693,0.07692307692307693,0.07692307692307693,0.15384615384615385,0.23076923076923078,0.38461538461538464,0.46153846153846156,0.5384615384615384,0.8461538461538461,0.9230769230769231,0.5192922658765626,0.3317084490539383,167,13,3.551636486983776e-07
