score_key,eta2,f1,accuracy,precision,recall,specificity,balanced_accuracy,direction,threshold,tp,fp,tn,fn,n,c4_mean,c0_mean
high_low_gap_0_7_0_5,0.04269956105869048,0.7234042553191489,0.6486486486486487,0.5964912280701754,0.918918918918919,0.3783783783783784,0.6486486486486487,low_is_c4,0.2967032967032967,34,23,14,3,74,0.07111177111177111,0.15322699072699072
consistency_score_file_mean,0.06315971826852937,0.7216494845360825,0.6351351351351351,0.5833333333333334,0.9459459459459459,0.32432432432432434,0.6351351351351351,low_is_c4,0.6779770331598836,35,25,12,2,74,0.6043909753317099,0.6392507327430709
low_tail_penalty_score,0.06417192127239217,0.72,0.6216216216216216,0.5714285714285714,0.972972972972973,0.2702702702702703,0.6216216216216217,low_is_c4,0.6492420468791722,36,27,10,1,74,0.45430682524755983,0.5270019454942837
high_low_gap_0_7_0_4,0.04696562083839249,0.72,0.6216216216216216,0.5714285714285714,0.972972972972973,0.2702702702702703,0.6216216216216217,low_is_c4,0.3846153846153846,36,27,10,1,74,0.1479061479061479,0.22802362802362802
failure_sensitive_score,0.08013446761712895,0.7191011235955056,0.6621621621621622,0.6153846153846154,0.8648648648648649,0.4594594594594595,0.6621621621621622,low_is_c4,0.48788642278408156,32,20,17,5,74,0.44170803581062196,0.4825216118652089
high_low_half_penalty_0_9_0_4,0.03476938541375178,0.7184466019417475,0.6081081081081081,0.5606060606060606,1.0,0.21621621621621623,0.6081081081081081,low_is_c4,0.27524038461538464,37,29,8,0,74,0.11624591624591624,0.15794455169455168
mean_minus_std_score,0.05392528610172612,0.7173913043478262,0.6486486486486487,0.6,0.8918918918918919,0.40540540540540543,0.6486486486486487,low_is_c4,0.3680435979050477,33,22,15,4,74,0.29025100661062614,0.3387239224293411
consistency_score_file_min,0.058815439015111375,0.7157894736842105,0.6351351351351351,0.5862068965517241,0.918918918918919,0.35135135135135137,0.6351351351351352,low_is_c4,0.1671193242602586,34,24,13,3,74,0.06211451026141689,0.11682032981686438
worst_score,0.058815439015111375,0.7157894736842105,0.6351351351351351,0.5862068965517241,0.918918918918919,0.35135135135135137,0.6351351351351352,low_is_c4,0.1671193242602586,34,24,13,3,74,0.06211451026141689,0.11682032981686438
high_low_gap_0_9_0_5,0.03393500611492636,0.7142857142857142,0.6216216216216216,0.5737704918032787,0.9459459459459459,0.2972972972972973,0.6216216216216216,low_is_c4,0.07417582417582419,35,26,11,2,74,-0.10593010593010593,-0.04641413391413391
high_low_half_penalty_0_7_0_4,0.05046991867395409,0.712871287128713,0.6081081081081081,0.5625,0.972972972972973,0.24324324324324326,0.6081081081081081,low_is_c4,0.48333333333333334,36,28,9,1,74,0.2932877932877933,0.35758567633567634
high_low_half_penalty_0_9_0_5,0.032764628273268176,0.7115384615384616,0.5945945945945946,0.5522388059701493,1.0,0.1891891891891892,0.5945945945945946,low_is_c4,0.25,37,30,7,0,74,0.07784872784872784,0.12054623304623305
high_low_gap_0_7_0_2,0.08554373468157911,0.7096774193548389,0.6351351351351351,0.5892857142857143,0.8918918918918919,0.3783783783783784,0.6351351351351351,low_is_c4,0.4285714285714286,33,23,14,4,74,0.2885852885852886,0.3748989373989374
consistency_score_file_q75,0.03439690705034094,0.7096774193548389,0.6351351351351351,0.5892857142857143,0.8918918918918919,0.3783783783783784,0.6351351351351351,low_is_c4,0.9680208886296029,33,23,14,4,74,0.8706199380160996,0.9049584479884258
high_low_half_penalty_0_7_0_2,0.07318954600663809,0.7070707070707071,0.6081081081081081,0.5645161290322581,0.9459459459459459,0.2702702702702703,0.6081081081081081,low_is_c4,0.5178571428571428,35,27,10,2,74,0.36362736362736364,0.431023331023331
high_low_gap_0_9_0_4,0.03543442591285421,0.7047619047619048,0.581081081081081,0.5441176470588235,1.0,0.16216216216216217,0.5810810810810811,low_is_c4,0.17692307692307693,37,31,6,0,74,-0.029135729135729142,0.028382503382503383
high_low_half_penalty_0_9_0_3,0.02432762578529561,0.7047619047619048,0.581081081081081,0.5441176470588235,1.0,0.16216216216216217,0.5810810810810811,low_is_c4,0.33379120879120877,37,31,6,0,74,0.15886050886050887,0.19177948552948554
high_low_gap_0_9_0_3,0.020590498937400257,0.7047619047619048,0.581081081081081,0.5441176470588235,1.0,0.16216216216216217,0.5810810810810811,low_is_c4,0.2582417582417582,37,31,6,0,74,0.0560934560934561,0.09605237105237105
high_low_half_penalty_0_8_0_4,0.047725202057876386,0.6990291262135921,0.581081081081081,0.5454545454545454,0.972972972972973,0.1891891891891892,0.5810810810810811,low_is_c4,0.4079670329670329,36,30,7,1,74,0.19536679536679538,0.2575803138303138
high_low_gap_0_8_0_2,0.07850670219982767,0.6981132075471698,0.5675675675675675,0.5362318840579711,1.0,0.13513513513513514,0.5675675675675675,low_is_c4,0.4807692307692308,37,32,5,0,74,0.19066429066429066,0.2748935748935749
high_low_half_penalty_0_6_0_2,0.03703700158095327,0.6966292134831461,0.6351351351351351,0.5961538461538461,0.8378378378378378,0.43243243243243246,0.6351351351351351,low_is_c4,0.5732142857142858,31,21,16,6,74,0.4797049797049797,0.5357976107976108
high_low_gap_0_6_0_2,0.04570919547150882,0.6956521739130435,0.6216216216216216,0.5818181818181818,0.8648648648648649,0.3783783783783784,0.6216216216216217,low_is_c4,0.5358974358974358,32,23,14,5,74,0.40466290466290467,0.4796732171732172
high_low_half_penalty_0_7_0_5,0.04601304061804488,0.6938775510204082,0.5945945945945946,0.5573770491803278,0.918918918918919,0.2702702702702703,0.5945945945945946,low_is_c4,0.44505494505494503,34,27,10,3,74,0.2548906048906049,0.3201873576873577
low_score_rate_0_2,0.04315769315351749,0.6938775510204082,0.5945945945945946,0.5573770491803278,0.918918918918919,0.2702702702702703,0.5945945945945946,high_is_c4,0.03571428571428571,34,27,10,3,74,0.15008415008415008,0.11224878724878726
high_score_rate_0_2,0.04315769315351748,0.6938775510204082,0.5945945945945946,0.5573770491803278,0.918918918918919,0.2702702702702703,0.5945945945945946,low_is_c4,0.9642857142857143,34,27,10,3,74,0.8499158499158499,0.8877512127512127
high_low_gap_0_8_0_4,0.046134910831968405,0.6923076923076924,0.5675675675675675,0.5373134328358209,0.972972972972973,0.16216216216216217,0.5675675675675675,low_is_c4,0.358974358974359,36,31,6,1,74,0.04998514998514999,0.1280182655182655
high_low_half_penalty_0_8_0_5,0.04409067148839887,0.6923076923076924,0.5675675675675675,0.5373134328358209,0.972972972972973,0.16216216216216217,0.5675675675675675,low_is_c4,0.4079670329670329,36,31,6,1,74,0.15696960696960696,0.2201819951819952
high_low_gap_0_8_0_5,0.04247606864815998,0.6923076923076924,0.5675675675675675,0.5373134328358209,0.972972972972973,0.16216216216216217,0.5675675675675675,low_is_c4,0.2728937728937729,36,31,6,1,74,-0.026809226809226806,0.05322162822162823
high_low_gap_0_7_0_3,0.036574310840651846,0.6923076923076924,0.5675675675675675,0.5373134328358209,0.972972972972973,0.16216216216216217,0.5675675675675675,low_is_c4,0.4285714285714286,36,31,6,1,74,0.23313533313533313,0.2956934956934957
high_low_half_penalty_0_8_0_2,0.06539522968667456,0.691588785046729,0.5540540540540541,0.5285714285714286,1.0,0.10810810810810811,0.5540540540540541,low_is_c4,0.5178571428571428,37,33,4,0,74,0.26570636570636574,0.33101796851796855
high_low_gap_0_8_0_3,0.0344751727950404,0.691588785046729,0.5540540540540541,0.5285714285714286,1.0,0.10810810810810811,0.5540540540540541,low_is_c4,0.41428571428571426,37,33,4,0,74,0.1352143352143352,0.1956881331881332
consistency_score_file_q25,0.028911624567957057,0.6888888888888889,0.6216216216216216,0.5849056603773585,0.8378378378378378,0.40540540540540543,0.6216216216216216,low_is_c4,0.4945742165519431,31,22,15,6,74,0.3681242268850267,0.41364180426449493
high_low_half_penalty_0_6_0_3,0.020285679233708113,0.6888888888888889,0.6216216216216216,0.5849056603773585,0.8378378378378378,0.40540540540540543,0.6216216216216216,low_is_c4,0.5595238095238095,31,22,15,6,74,0.451980001980002,0.49619488994488997
high_density_score_0_8,0.05208017902840232,0.6862745098039216,0.5675675675675675,0.5384615384615384,0.9459459459459459,0.1891891891891892,0.5675675675675675,low_is_c4,0.34184796739144085,35,30,7,2,74,0.21049621456795478,0.25281233876966686
high_score_rate_0_7,0.043832720756570645,0.6862745098039216,0.5675675675675675,0.5384615384615384,0.9459459459459459,0.1891891891891892,0.5675675675675675,low_is_c4,0.6076923076923078,35,30,7,2,74,0.4386694386694387,0.48714772464772466
low_score_rate_0_7,0.04383272075657064,0.6862745098039216,0.5675675675675675,0.5384615384615384,0.9459459459459459,0.1891891891891892,0.5675675675675675,high_is_c4,0.39230769230769236,35,30,7,2,74,0.5613305613305614,0.5128522753522754
consistency_score_file_q10,0.02911012172521672,0.6857142857142857,0.5540540540540541,0.5294117647058824,0.972972972972973,0.13513513513513514,0.5540540540540541,low_is_c4,0.44134210592525147,36,32,5,1,74,0.18294025946270237,0.2342692311858097
high_low_half_penalty_0_7_0_3,0.04433305234474687,0.6851851851851851,0.5405405405405406,0.5211267605633803,1.0,0.08108108108108109,0.5405405405405406,low_is_c4,0.5571428571428572,37,34,3,0,74,0.3359023859023859,0.3914206101706102
entropy_normalized,0.022978614695367286,0.6851851851851851,0.5405405405405406,0.5211267605633803,1.0,0.08108108108108109,0.5405405405405406,high_is_c4,0.6424619328527571,37,34,3,0,74,0.8562412923115772,0.8282969102255139
high_low_half_penalty_0_6_0_4,0.024824099617165894,0.6818181818181819,0.6216216216216216,0.5882352941176471,0.8108108108108109,0.43243243243243246,0.6216216216216217,low_is_c4,0.5244047619047618,30,21,16,7,74,0.4093654093654094,0.4623599561099561
high_low_gap_0_6_0_3,0.01740755706177403,0.6808510638297872,0.5945945945945946,0.5614035087719298,0.8648648648648649,0.32432432432432434,0.5945945945945946,low_is_c4,0.5358974358974358,32,25,12,5,74,0.3492129492129492,0.40046777546777546
high_score_rate_0_9,0.020227291684877236,0.6804123711340206,0.581081081081081,0.55,0.8918918918918919,0.2702702702702703,0.5810810810810811,low_is_c4,0.38278388278388276,33,27,10,4,74,0.2616275616275616,0.2875066000066
low_score_rate_0_9,0.020227291684877236,0.6804123711340206,0.581081081081081,0.55,0.8918918918918919,0.2702702702702703,0.5810810810810811,high_is_c4,0.6172161172161172,33,27,10,4,74,0.7383724383724384,0.7124933999934
consistency_score_file_std,0.01676290553068727,0.6796116504854369,0.5540540540540541,0.5303030303030303,0.9459459459459459,0.16216216216216217,0.5540540540540541,high_is_c4,0.24433881617009368,35,31,6,2,74,0.3141399687210838,0.3005268103137298
high_low_half_penalty_0_8_0_3,0.04044643526343302,0.6792452830188679,0.5405405405405406,0.5217391304347826,0.972972972972973,0.10810810810810811,0.5405405405405406,low_is_c4,0.4821428571428571,36,33,4,1,74,0.237981387981388,0.2914152476652477
consistency_score_file_median,0.01190505477364829,0.6792452830188679,0.5405405405405406,0.5217391304347826,0.972972972972973,0.10810810810810811,0.5405405405405406,high_is_c4,0.48376757493809425,36,33,4,1,74,0.6499674086317238,0.6753602046669099
num_turns,0.0008178100863243902,0.6792452830188679,0.5405405405405406,0.5217391304347826,0.972972972972973,0.10810810810810811,0.5405405405405406,low_is_c4,15.5,36,33,4,1,74,13.783783783783784,13.864864864864865
high_low_gap_0_6_0_4,0.025011513343213106,0.6788990825688073,0.527027027027027,0.5138888888888888,1.0,0.05405405405405406,0.527027027027027,low_is_c4,0.8076923076923077,37,35,2,0,74,0.263983763983764,0.3327979077979078
low_score_rate_0_6,0.021799415102570486,0.6788990825688073,0.527027027027027,0.5138888888888888,1.0,0.05405405405405406,0.527027027027027,high_is_c4,0.18681318681318682,37,35,2,0,74,0.44525294525294523,0.40807799557799557
high_score_rate_0_6,0.02179941510257042,0.6788990825688073,0.527027027027027,0.5138888888888888,1.0,0.05405405405405406,0.527027027027027,low_is_c4,0.8131868131868132,37,35,2,0,74,0.5547470547470548,0.5919220044220044
low_score_rate_0_5,0.021586534397906528,0.6788990825688073,0.527027027027027,0.5138888888888888,1.0,0.05405405405405406,0.527027027027027,high_is_c4,0.11538461538461539,37,35,2,0,74,0.36755766755766756,0.3339207339207339
high_score_rate_0_5,0.021586534397906525,0.6788990825688073,0.527027027027027,0.5138888888888888,1.0,0.05405405405405406,0.527027027027027,low_is_c4,0.8846153846153846,37,35,2,0,74,0.6324423324423324,0.666079266079266
high_score_rate_0_4,0.01891776699075014,0.673076923076923,0.5405405405405406,0.5223880597014925,0.9459459459459459,0.13513513513513514,0.5405405405405406,low_is_c4,0.8901098901098901,35,32,5,2,74,0.7092367092367092,0.7408759033759034
low_score_rate_0_4,0.01891776699075014,0.673076923076923,0.5405405405405406,0.5223880597014925,0.9459459459459459,0.13513513513513514,0.5405405405405406,high_is_c4,0.10989010989010989,35,32,5,2,74,0.29076329076329077,0.25912409662409663
high_score_rate_0_3,0.004595895961961759,0.6728971962616821,0.527027027027027,0.5142857142857142,0.972972972972973,0.08108108108108109,0.5270270270270271,low_is_c4,0.930952380952381,36,34,3,1,74,0.7944658944658944,0.8085457710457711
low_score_rate_0_3,0.004595895961961723,0.6728971962616821,0.527027027027027,0.5142857142857142,0.972972972972973,0.08108108108108109,0.5270270270270271,high_is_c4,0.06904761904761905,36,34,3,1,74,0.20553410553410553,0.19145422895422895
low_score_rate_0_8,0.03797997530726655,0.6666666666666666,0.5,0.5,1.0,0.0,0.5,high_is_c4,0.4,37,37,0,0,74,0.6592515592515593,0.6128576378576378
high_score_rate_0_8,0.03797997530726637,0.6666666666666666,0.5,0.5,1.0,0.0,0.5,high_is_c4,0.07692307692307693,37,37,0,0,74,0.34074844074844074,0.38714236214236214
high_score_rate_0_1,0.030555521684411908,0.6666666666666666,0.5,0.5,1.0,0.0,0.5,high_is_c4,0.7142857142857143,37,37,0,0,74,0.9013167013167013,0.9302148302148302
low_score_rate_0_1,0.030555521684411845,0.6666666666666666,0.5,0.5,1.0,0.0,0.5,high_is_c4,0.0,37,37,0,0,74,0.09868329868329868,0.06978516978516978
num_outputs,0.0016172807518368259,0.6666666666666666,0.5,0.5,1.0,0.0,0.5,high_is_c4,76.0,37,37,0,0,74,129.8918918918919,132.3783783783784
