accuracy,auc_best_direction,direction,eta_squared,f1,positive_mean,positive_n,positive_raw_labels,precision,recall,rest_mean,rest_n,score_key,score_title,target_label,threshold,threshold_rule
0.6982758620689655,0.6476223058501539,high_is_target,0.04456200570974181,0.5569620253164557,0.7217116004437626,37,0.0,0.5238095238095238,0.5945945945945946,0.6598127701605312,79,consistency_score_file_median,Median Turn Score,c0,0.7260470544841214,consistency_score_file_median >= 0.726047
0.6293103448275862,0.6312008210742388,low_is_target,0.03257123025576351,0.5473684210526315,0.7915897182909476,37,0.0,0.4482758620689655,0.7027027027027027,0.8377729557732116,79,entropy_normalized,Binned Score Entropy,c0,0.855539307240039,entropy_normalized <= 0.855539
0.5431034482758621,0.645740677386247,high_is_target,0.04374973629100524,0.5470085470085471,0.46024321024321024,37,0.0,0.4,0.8648648648648649,0.3706078731395187,79,high_low_half_penalty_0_7_0_2,High >= 0.7 Minus 0.5 Low < 0.2,c0,0.31009615384615385,high_low_half_penalty_0_7_0_2 >= 0.310096
0.5431034482758621,0.5521724255901471,high_is_target,0.007455492354868631,0.5470085470085471,0.4663090288090288,37,0.0,0.4,0.8648648648648649,0.42306764964992816,79,high_low_gap_0_6_0_2,High >= 0.6 Minus Low < 0.2,c0,0.31009615384615385,high_low_gap_0_6_0_2 >= 0.310096
0.5431034482758621,0.5470407115976736,high_is_target,0.008620138652633292,0.5470085470085471,0.5471133221133221,37,0.0,0.4,0.8648648648648649,0.5075624797143785,79,high_low_half_penalty_0_6_0_2,High >= 0.6 Minus 0.5 Low < 0.2,c0,0.3867521367521367,high_low_half_penalty_0_6_0_2 >= 0.386752
0.5948275862068966,0.6322271638727335,high_is_target,0.038043434057966764,0.5436893203883495,0.38820558195558197,37,0.0,0.42424242424242425,0.7567567567567568,0.2863750173876756,79,high_low_half_penalty_0_7_0_5,High >= 0.7 Minus 0.5 Low < 0.5,c0,0.31456043956043955,high_low_half_penalty_0_7_0_5 >= 0.31456
0.5775862068965517,0.6368457064659596,high_is_target,0.0437721948093628,0.5420560747663551,0.41720147345147346,37,0.0,0.4142857142857143,0.7837837837837838,0.31454305188482407,79,high_low_half_penalty_0_7_0_4,High >= 0.7 Minus 0.5 Low < 0.4,c0,0.33379120879120877,high_low_half_penalty_0_7_0_4 >= 0.333791
0.5775862068965517,0.5887786520697913,high_is_target,0.013423362614617292,0.5420560747663551,0.4831162333532478,37,0.0,0.4142857142857143,0.7837837837837838,0.43861258110523227,79,low_tail_penalty_score,Mean Minus Low Tail,c0,0.4170164868919131,low_tail_penalty_score >= 0.417016
0.5775862068965517,0.5703044816968867,high_is_target,0.008137831090069542,0.5420560747663551,0.46198112050252843,37,0.0,0.4142857142857143,0.7837837837837838,0.4444621560241681,79,failure_sensitive_score,70% Mean + 30% Worst,c0,0.42541977852242513,failure_sensitive_score >= 0.42542
0.6206896551724138,0.6284639069449196,high_is_target,0.04173531531486241,0.5416666666666666,0.11057651057651058,37,0.0,0.4406779661016949,0.7027027027027027,0.023392219594751237,79,high_low_gap_0_9_0_3,High >= 0.9 Minus Low < 0.3,c0,0.0357142857142857,high_low_gap_0_9_0_3 >= 0.0357143
0.5431034482758621,0.6233321929524461,high_is_target,0.03672461919892301,0.5391304347826087,0.333985083985084,37,0.0,0.3974358974358974,0.8378378378378378,0.22534891269068485,79,high_low_gap_0_7_0_3,High >= 0.7 Minus Low < 0.3,c0,0.18406593406593405,high_low_gap_0_7_0_3 >= 0.184066
0.5431034482758621,0.6010947656517277,high_is_target,0.0279153747863862,0.5391304347826087,0.6447248199618344,37,0.0,0.3974358974358974,0.8378378378378378,0.6076022412341329,79,consistency_score_file_mean,Mean Turn Score,c0,0.5808183802312237,consistency_score_file_mean >= 0.580818
0.5258620689655172,0.6363325350667123,high_is_target,0.03541025076050773,0.5378151260504203,0.37943891693891696,37,0.0,0.3902439024390244,0.8648648648648649,0.2861130430750684,79,high_low_gap_0_7_0_2,High >= 0.7 Minus Low < 0.2,c0,0.21538461538461537,high_low_gap_0_7_0_2 >= 0.215385
0.5086206896551724,0.6288060212110845,high_is_target,0.04375652780253227,0.5365853658536586,0.06994686994686994,37,0.0,0.38372093023255816,0.8918918918918919,-0.027973292530254556,79,high_low_gap_0_9_0_4,High >= 0.9 Minus Low < 0.4,c0,-0.14835164835164838,high_low_gap_0_9_0_4 >= -0.148352
0.6120689655172413,0.6433458775230927,high_is_target,0.0461161243298586,0.5360824742268041,0.2647844272844273,37,0.0,0.43333333333333335,0.7027027027027027,0.17677470209115778,79,high_low_gap_0_8_0_2,High >= 0.8 Minus Low < 0.2,c0,0.22252747252747251,high_low_gap_0_8_0_2 >= 0.222527
0.5517241379310345,0.6330824495381457,high_is_target,0.043860984794832546,0.5357142857142857,0.43751629376629375,37,0.0,0.4,0.8108108108108109,0.34022580794732693,79,high_low_half_penalty_0_7_0_3,High >= 0.7 Minus 0.5 Low < 0.3,c0,0.3269230769230769,high_low_half_penalty_0_7_0_3 >= 0.326923
0.49137931034482757,0.6392405063291139,high_is_target,0.05251045420462759,0.5354330708661418,0.19379290004290003,37,0.0,0.37777777777777777,0.918918918918919,0.11258635878889044,79,high_low_half_penalty_0_9_0_4,High >= 0.9 Minus 0.5 Low < 0.4,c0,0.012499999999999997,high_low_half_penalty_0_9_0_4 >= 0.0125
0.5344827586206896,0.6414642490591858,high_is_target,0.05740479744830624,0.5344827586206897,0.3025469837969838,37,0.0,0.3924050632911392,0.8378378378378378,0.20520471090091344,79,high_low_half_penalty_0_8_0_4,High >= 0.8 Minus 0.5 Low < 0.4,c0,0.14358974358974358,high_low_half_penalty_0_8_0_4 >= 0.14359
0.6982758620689655,0.659083133766678,high_is_target,0.06960242505145046,0.5333333333333333,0.4263930138930139,37,0.0,0.5263157894736842,0.5405405405405406,0.3457643622200584,79,high_score_rate_0_8,High Rate >=0.8,c0,0.4365079365079365,high_score_rate_0_8 >= 0.436508
0.6982758620689655,0.6472801915839891,high_is_target,0.05878406051053983,0.5333333333333333,0.3455887205887206,37,0.0,0.5263157894736842,0.5405405405405406,0.2612695321556081,79,high_low_half_penalty_0_8_0_2,High >= 0.8 Minus 0.5 Low < 0.2,c0,0.3660714285714286,high_low_half_penalty_0_8_0_2 >= 0.366071
0.5431034482758621,0.6313718782073212,high_is_target,0.04866588628699355,0.5309734513274336,0.2735510923010923,37,0.0,0.39473684210526316,0.8108108108108109,0.177036676403765,79,high_low_half_penalty_0_8_0_5,High >= 0.8 Minus 0.5 Low < 0.5,c0,0.1380952380952381,high_low_half_penalty_0_8_0_5 >= 0.138095
0.5258620689655172,0.6486486486486487,high_is_target,0.057996106458999566,0.5299145299145299,0.28394486349667025,37,0.0,0.3875,0.8378378378378378,0.222726199192552,79,high_density_score_0_8,Mean Times High Rate >=0.8,c0,0.17089298017777677,high_density_score_0_8 >= 0.170893
0.5086206896551724,0.5497776257269928,high_is_target,0.010687920135185384,0.5289256198347108,0.5243864056364056,37,0.0,0.38095238095238093,0.8648648648648649,0.4771804145221867,79,high_low_half_penalty_0_6_0_3,High >= 0.6 Minus 0.5 Low < 0.3,c0,0.3536324786324786,high_low_half_penalty_0_6_0_3 >= 0.353632
0.43103448275862066,0.6489907629148135,high_is_target,0.06042019165108989,0.5285714285714286,0.31763893013893013,37,0.0,0.3592233009708738,1.0,0.25314601010803545,79,high_score_rate_0_9,High Rate >=0.9,c0,0.1380952380952381,high_score_rate_0_9 >= 0.138095
0.5689655172413793,0.5576462538487855,high_is_target,0.006198918759213018,0.5283018867924528,0.3211323009997796,37,0.0,0.4057971014492754,0.7567567567567568,0.2990193025710235,79,mean_minus_std_score,Mean Minus Std,c0,0.25764952774517913,mean_minus_std_score >= 0.25765
0.45689655172413796,0.6366746493328772,high_is_target,0.05218655303920277,0.5263157894736842,0.21410772035772035,37,0.0,0.3645833333333333,0.9459459459459459,0.13826911485139334,79,high_low_half_penalty_0_9_0_3,High >= 0.9 Minus 0.5 Low < 0.3,c0,0.012499999999999997,high_low_half_penalty_0_9_0_3 >= 0.0125
0.5344827586206896,0.5593568251796099,high_is_target,0.005640993016557282,0.5263157894736842,0.19220478316473327,37,0.0,0.38961038961038963,0.8108108108108109,0.16412376307095364,79,consistency_score_file_q10,Q10 Score,c0,0.055565786257731245,consistency_score_file_q10 >= 0.0555658
0.4396551724137931,0.6394115634621964,high_is_target,0.057656782061140395,0.5255474452554745,0.3228618041118041,37,0.0,0.36,0.972972972972973,0.23088746696341633,79,high_low_half_penalty_0_8_0_3,High >= 0.8 Minus 0.5 Low < 0.3,c0,0.012499999999999997,high_low_half_penalty_0_8_0_3 >= 0.0125
0.4396551724137931,0.6306876496749915,high_is_target,0.0475589240047634,0.5255474452554745,0.1787009537009537,37,0.0,0.36,0.972972972972973,0.06464505958176844,79,high_low_gap_0_8_0_4,High >= 0.8 Minus Low < 0.4,c0,-0.20714285714285713,high_low_gap_0_8_0_4 >= -0.207143
0.4396551724137931,0.625555935682518,high_is_target,0.04629640369426069,0.5255474452554745,0.21933059433059432,37,0.0,0.36,0.972972972972973,0.11601057170677423,79,high_low_gap_0_8_0_3,High >= 0.8 Minus Low < 0.3,c0,-0.20714285714285713,high_low_gap_0_8_0_3 >= -0.207143
0.5172413793103449,0.5530277112555594,high_is_target,0.011738479753396211,0.5254237288135593,0.5040715853215854,37,0.0,0.38271604938271603,0.8378378378378378,0.4514976584596838,79,high_low_half_penalty_0_6_0_4,High >= 0.6 Minus 0.5 Low < 0.4,c0,0.3269230769230769,high_low_half_penalty_0_6_0_4 >= 0.326923
0.49137931034482757,0.6163188504960657,high_is_target,0.030115057680851647,0.5203252032520325,0.23536366036366035,37,0.0,0.37209302325581395,0.8648648648648649,0.11764733157138221,79,high_low_gap_0_7_0_5,High >= 0.7 Minus Low < 0.5,c0,-0.061111111111111116,high_low_gap_0_7_0_5 >= -0.0611111
0.5689655172413793,0.6294902497434143,high_is_target,0.0377444051060836,0.5192307692307693,0.29335544335544333,37,0.0,0.40298507462686567,0.7297297297297297,0.17398340056567904,79,high_low_gap_0_7_0_4,High >= 0.7 Minus Low < 0.4,c0,0.22252747252747251,high_low_gap_0_7_0_4 >= 0.222527
0.5,0.6149503934314061,high_is_target,0.036597156362523094,0.5166666666666666,0.1207091707091707,37,0.0,0.37349397590361444,0.8378378378378378,0.008308990587471598,79,high_low_gap_0_8_0_5,High >= 0.8 Minus Low < 0.5,c0,-0.06349206349206352,high_low_gap_0_8_0_5 >= -0.0634921
0.43103448275862066,0.5162504276428327,low_is_target,0.017633819964792085,0.5147058823529411,0.035579155097481205,37,0.0,0.35353535353535354,0.9459459459459459,0.06380195720091712,79,worst_score,Worst Turn Score,c0,0.16448853615259096,worst_score <= 0.164489
0.5258620689655172,0.6122134793020869,high_is_target,0.03291642955572731,0.5132743362831859,0.011955086955086952,37,0.0,0.3815789473684211,0.7837837837837838,-0.0843093615245514,79,high_low_gap_0_9_0_5,High >= 0.9 Minus Low < 0.5,c0,-0.14835164835164838,high_low_gap_0_9_0_5 >= -0.148352
0.5086206896551724,0.5567909681833733,high_is_target,0.012763659118415094,0.5128205128205128,0.38022555522555523,37,0.0,0.375,0.8108108108108109,0.31093800714053876,79,high_low_gap_0_6_0_4,High >= 0.6 Minus Low < 0.4,c0,0.18406593406593405,high_low_gap_0_6_0_4 >= 0.184066
0.5086206896551724,0.5496065685939103,high_is_target,0.010851276045900717,0.5128205128205128,0.4208551958551959,37,0.0,0.375,0.8108108108108109,0.3623035192655446,79,high_low_gap_0_6_0_3,High >= 0.6 Minus Low < 0.3,c0,0.25427350427350426,high_low_gap_0_6_0_3 >= 0.254274
0.49137931034482757,0.6250427642832707,high_is_target,0.04386581271792981,0.5123966942148761,0.16479700854700854,37,0.0,0.36904761904761907,0.8378378378378378,0.08441832429174201,79,high_low_half_penalty_0_9_0_5,High >= 0.9 Minus 0.5 Low < 0.5,c0,0.013888888888888895,high_low_half_penalty_0_9_0_5 >= 0.0138889
0.3793103448275862,0.5292507697570988,high_is_target,0.0019011694493687354,0.5,0.4326662938407997,37,0.0,0.3364485981308411,0.972972972972973,0.41344750887396536,79,consistency_score_file_q25,Q25 Score,c0,0.09306775892854693,consistency_score_file_q25 >= 0.0930678
0.35344827586206895,0.538829969209716,low_is_target,0.009045305642811776,0.4966442953020134,0.3056838431838432,37,0.0,0.33035714285714285,1.0,0.3374553716325868,79,low_score_rate_0_5,Low Rate <0.5,c0,0.7060439560439561,low_score_rate_0_5 <= 0.706044
0.39655172413793105,0.5369483407458091,low_is_target,0.0013991047309909175,0.4927536231884059,0.16160858660858662,37,0.0,0.33663366336633666,0.918918918918919,0.16898966012890063,79,low_score_rate_0_2,Low Rate <0.2,c0,0.2967032967032967,low_score_rate_0_2 <= 0.296703
0.3275862068965517,0.5241190557646254,high_is_target,0.005695480765264,0.4868421052631579,0.05944990627192881,37,0.0,0.3217391304347826,1.0,-0.027843626988118663,79,c2_repetition_symptom_score,c2 Repetition Symptom Score,c0,-0.9881808919482896,c2_repetition_symptom_score >= -0.988181
0.4051724137931034,0.5652901785714286,low_is_target,0.012013592337601648,0.4566929133858268,-0.09573580537747224,32,1.1,0.30526315789473685,0.90625,0.03647078300094171,84,c2_repetition_symptom_score,c2 Repetition Symptom Score,c1,0.4110894884144654,c2_repetition_symptom_score <= 0.411089
0.39655172413793105,0.5204613095238095,low_is_target,5.450652617967016e-07,0.453125,0.25968406593406596,32,1.1,0.3020833333333333,0.90625,0.26012050119192975,84,high_low_gap_0_7_0_3,High >= 0.7 Minus Low < 0.3,c1,0.4285714285714286,high_low_gap_0_7_0_3 <= 0.428571
0.45689655172413796,0.5292038690476191,low_is_target,0.00017648386312912667,0.4521739130434783,0.20589514652014654,32,1.1,0.3132530120481928,0.8125,0.21440708762137334,84,high_low_gap_0_7_0_4,High >= 0.7 Minus Low < 0.4,c1,0.3708791208791209,high_low_gap_0_7_0_4 <= 0.370879
0.43103448275862066,0.5230654761904762,low_is_target,7.204131812578739e-05,0.45,0.3682806776556777,32,1.1,0.3068181818181818,0.84375,0.37239238109773826,84,high_low_half_penalty_0_7_0_3,High >= 0.7 Minus 0.5 Low < 0.3,c1,0.5178571428571429,high_low_half_penalty_0_7_0_3 <= 0.517857
0.46551724137931033,0.5280877976190477,low_is_target,0.0002536687009470201,0.44642857142857145,0.341386217948718,32,1.1,0.3125,0.78125,0.34953567431246,84,high_low_half_penalty_0_7_0_4,High >= 0.7 Minus 0.5 Low < 0.4,c1,0.46153846153846156,high_low_half_penalty_0_7_0_4 <= 0.461538
0.4224137931034483,0.5636160714285714,high_is_target,0.008270994196669459,0.44628099173553715,0.8406159579994065,32,1.1,0.30337078651685395,0.84375,0.816347290796045,84,entropy_normalized,Binned Score Entropy,c1,0.7439173692426478,entropy_normalized >= 0.743917
0.4224137931034483,0.5213913690476191,low_is_target,2.860848662044874e-05,0.44628099173553715,0.3167467948717949,32,1.1,0.30337078651685395,0.84375,0.3196587555962556,84,high_low_half_penalty_0_7_0_5,High >= 0.7 Minus 0.5 Low < 0.5,c1,0.4821428571428571,high_low_half_penalty_0_7_0_5 <= 0.482143
0.4224137931034483,0.515625,low_is_target,7.701468280896822e-06,0.44628099173553715,0.15661630036630036,32,1.1,0.30337078651685395,0.84375,0.15465325018896448,84,high_low_gap_0_7_0_5,High >= 0.7 Minus Low < 0.5,c1,0.35714285714285715,high_low_gap_0_7_0_5 <= 0.357143
0.4396551724137931,0.5241815476190477,low_is_target,0.0010704084956131403,0.4444444444444444,0.12973328754578756,32,1.1,0.3058823529411765,0.8125,0.1418237433862434,84,high_low_half_penalty_0_9_0_4,High >= 0.9 Minus 0.5 Low < 0.4,c1,0.24038461538461536,high_low_half_penalty_0_9_0_4 <= 0.240385
0.39655172413793105,0.5159970238095238,low_is_target,2.4199197169206637e-06,0.44444444444444436,0.39869505494505497,32,1.1,0.2978723404255319,0.875,0.3993902261759405,84,high_low_half_penalty_0_7_0_2,High >= 0.7 Minus 0.5 Low < 0.2,c1,0.5370879120879122,high_low_half_penalty_0_7_0_2 <= 0.537088
0.39655172413793105,0.5057663690476191,low_is_target,1.2779434210502361e-05,0.44444444444444436,-0.055036630036630035,32,1.1,0.2978723404255319,0.875,-0.05305868073725217,84,high_low_gap_0_9_0_5,High >= 0.9 Minus Low < 0.5,c1,0.15384615384615383,high_low_gap_0_9_0_5 <= 0.153846
0.3275862068965517,0.5172991071428571,high_is_target,0.0006947078402498605,0.4428571428571429,0.311662586903495,32,1.1,0.28703703703703703,0.96875,0.303943062609415,84,mean_minus_std_score,Mean Minus Std,c1,0.13602438669572053,mean_minus_std_score >= 0.136024
0.3275862068965517,0.5128348214285714,low_is_target,5.695365944723773e-05,0.4428571428571429,0.41706576714751453,32,1.1,0.28703703703703703,0.96875,0.42053454195752843,84,consistency_score_file_q25,Q25 Score,c1,0.678726098047812,consistency_score_file_q25 <= 0.678726
0.3275862068965517,0.5061383928571429,high_is_target,0.0005094200192018679,0.4428571428571429,0.5274381868131869,32,1.1,0.28703703703703703,0.96875,0.5174119861619861,84,high_low_half_penalty_0_6_0_2,High >= 0.6 Minus 0.5 Low < 0.2,c1,0.2774725274725275,high_low_half_penalty_0_6_0_2 >= 0.277473
0.3448275862068966,0.5070684523809523,low_is_target,0.0007833550596579035,0.44117647058823534,0.32026098901098904,32,1.1,0.28846153846153844,0.9375,0.33001101081458223,84,low_score_rate_0_5,Low Rate <0.5,c1,0.5692307692307692,low_score_rate_0_5 <= 0.569231
0.3879310344827586,0.5161830357142857,high_is_target,0.0012229119182449546,0.4409448818897637,0.455178393731765,32,1.1,0.29473684210526313,0.875,0.44809646648912327,84,failure_sensitive_score,70% Mean + 30% Worst,c1,0.37723853580798944,failure_sensitive_score >= 0.377239
0.3879310344827586,0.5018601190476191,high_is_target,0.00030789726407346466,0.4409448818897637,0.3884271978021978,32,1.1,0.29473684210526313,0.875,0.37814226117797545,84,high_low_gap_0_6_0_3,High >= 0.6 Minus Low < 0.3,c1,0.14835164835164835,high_low_gap_0_6_0_3 >= 0.148352
0.43103448275862066,0.5221354166666667,low_is_target,0.0006507930135081442,0.44067796610169485,-0.005757783882783884,32,1.1,0.3023255813953488,0.8125,0.006695156695156694,84,high_low_gap_0_9_0_4,High >= 0.9 Minus Low < 0.4,c1,0.14835164835164838,high_low_gap_0_9_0_4 <= 0.148352
0.31896551724137934,0.5184151785714286,high_is_target,0.0014106328233830473,0.43971631205673756,0.4637018541978518,32,1.1,0.28440366972477066,0.96875,0.44865756198871737,84,low_tail_penalty_score,Mean Minus Low Tail,c1,0.17049663367485468,low_tail_penalty_score >= 0.170497
0.31896551724137934,0.5180431547619048,low_is_target,0.000707047335911135,0.43971631205673756,0.23714861784990873,32,1.1,0.28440366972477066,0.96875,0.24419730850465865,84,high_density_score_0_8,Mean Times High Rate >=0.8,c1,0.42414208176659396,high_density_score_0_8 <= 0.424142
0.31896551724137934,0.5109747023809523,high_is_target,0.0010744440402329638,0.43971631205673756,0.4492559523809524,32,1.1,0.28440366972477066,0.96875,0.43213795133437993,84,high_low_gap_0_6_0_2,High >= 0.6 Minus Low < 0.2,c1,0.07142857142857142,high_low_gap_0_6_0_2 >= 0.0714286
0.3620689655172414,0.5284598214285714,low_is_target,0.00034645229239204555,0.4393939393939394,0.6754349805866565,32,1.1,0.29,0.90625,0.6811264128610496,84,consistency_score_file_median,Median Turn Score,c1,0.841392715290626,consistency_score_file_median <= 0.841393
0.4051724137931034,0.5120907738095238,low_is_target,0.0001529775385164202,0.43902439024390244,0.32051282051282054,32,1.1,0.2967032967032967,0.84375,0.3141161913483342,84,high_low_gap_0_7_0_2,High >= 0.7 Minus Low < 0.2,c1,0.4285714285714286,high_low_gap_0_7_0_2 <= 0.428571
0.29310344827586204,0.5213913690476191,low_is_target,0.0006241434577253733,0.4383561643835616,0.36571657509157507,32,1.1,0.2807017543859649,1.0,0.3736785205535206,84,high_score_rate_0_8,High Rate >=0.8,c1,0.6538461538461539,high_score_rate_0_8 <= 0.653846
0.29310344827586204,0.5059523809523809,low_is_target,5.756924309349502e-06,0.4383561643835616,0.28753434065934064,32,1.1,0.2807017543859649,1.0,0.2884044857259143,84,high_low_half_penalty_0_8_0_2,High >= 0.8 Minus 0.5 Low < 0.2,c1,0.5961538461538463,high_low_half_penalty_0_8_0_2 <= 0.596154
0.3793103448275862,0.5106026785714286,low_is_target,1.3799475626189847e-05,0.43750000000000006,0.6200663230623207,32,1.1,0.2916666666666667,0.875,0.6192056316439298,84,consistency_score_file_mean,Mean Turn Score,c1,0.7041360160066574,consistency_score_file_mean <= 0.704136
0.3793103448275862,0.5035342261904762,high_is_target,0.00021193555270789669,0.43750000000000006,0.20935210622710623,32,1.1,0.2916666666666667,0.875,0.20313045089830803,84,high_low_gap_0_8_0_2,High >= 0.8 Minus Low < 0.2,c1,0.033333333333333326,high_low_gap_0_8_0_2 >= 0.0333333
0.4224137931034483,0.5120907738095238,low_is_target,0.0002932251808398612,0.4369747899159664,0.10509386446886447,32,1.1,0.2988505747126437,0.8125,0.11194682467003896,84,high_low_half_penalty_0_9_0_5,High >= 0.9 Minus 0.5 Low < 0.5,c1,0.24038461538461536,high_low_half_penalty_0_9_0_5 <= 0.240385
0.3103448275862069,0.5535714285714286,high_is_target,0.009496847450471057,0.4366197183098592,0.07043989196046847,32,1.1,0.2818181818181818,0.96875,0.04884174779457459,84,worst_score,Worst Turn Score,c1,3.7568778422903955e-09,worst_score >= 3.75688e-09
0.3103448275862069,0.5145089285714286,low_is_target,0.0001151752314218669,0.4366197183098592,0.25711996336996334,32,1.1,0.2818181818181818,0.96875,0.2614066406477121,84,high_low_half_penalty_0_8_0_3,High >= 0.8 Minus 0.5 Low < 0.3,c1,0.5166666666666666,high_low_half_penalty_0_8_0_3 <= 0.516667
0.35344827586206895,0.5243675595238095,low_is_target,0.0003860599098154923,0.43609022556390975,0.23022550366300365,32,1.1,0.2871287128712871,0.90625,0.23854993386243387,84,high_low_half_penalty_0_8_0_4,High >= 0.8 Minus 0.5 Low < 0.4,c1,0.4285714285714286,high_low_half_penalty_0_8_0_4 <= 0.428571
0.39655172413793105,0.5161830357142857,low_is_target,0.0005410803204338608,0.435483870967742,0.15662774725274725,32,1.1,0.29347826086956524,0.84375,0.1646804501715216,84,high_low_half_penalty_0_9_0_3,High >= 0.9 Minus 0.5 Low < 0.3,c1,0.2967032967032967,high_low_half_penalty_0_9_0_3 <= 0.296703
0.39655172413793105,0.5119047619047619,low_is_target,4.578208408078843e-05,0.435483870967742,0.20558608058608058,32,1.1,0.29347826086956524,0.84375,0.20867301514622943,84,high_low_half_penalty_0_8_0_5,High >= 0.8 Minus 0.5 Low < 0.5,c1,0.37087912087912084,high_low_half_penalty_0_8_0_5 <= 0.370879
0.28448275862068967,0.5394345238095238,low_is_target,0.004750995402080596,0.435374149659864,0.15636446886446886,32,1.1,0.2782608695652174,1.0,0.17054806965521252,84,low_score_rate_0_2,Low Rate <0.2,c1,0.35384615384615387,low_score_rate_0_2 <= 0.353846
0.28448275862068967,0.5232514880952381,low_is_target,0.0002537044823932813,0.435374149659864,0.09473443223443223,32,1.1,0.2782608695652174,1.0,0.10342134717134717,84,high_low_gap_0_8_0_4,High >= 0.8 Minus Low < 0.4,c1,0.576923076923077,high_low_gap_0_8_0_4 <= 0.576923
0.28448275862068967,0.5119047619047619,low_is_target,8.516985153378938e-06,0.435374149659864,0.04545558608058608,32,1.1,0.2782608695652174,1.0,0.04366750973893831,84,high_low_gap_0_8_0_5,High >= 0.8 Minus Low < 0.5,c1,0.576923076923077,high_low_gap_0_8_0_5 <= 0.576923
0.28448275862068967,0.5113467261904762,low_is_target,1.4908793782170987e-06,0.435374149659864,0.14852335164835165,32,1.1,0.2782608695652174,1.0,0.1491347607419036,84,high_low_gap_0_8_0_3,High >= 0.8 Minus Low < 0.3,c1,0.576923076923077,high_low_gap_0_8_0_3 <= 0.576923
0.41379310344827586,0.5262276785714286,low_is_target,0.0018374022350067,0.4333333333333334,0.265224358974359,32,1.1,0.29545454545454547,0.8125,0.27695233007733006,84,high_score_rate_0_9,High Rate >=0.9,c1,0.3708791208791209,high_score_rate_0_9 <= 0.370879
0.3448275862068966,0.5126488095238095,high_is_target,0.00036827019608247846,0.43283582089552236,0.17849864587592146,32,1.1,0.28431372549019607,0.90625,0.17101663799608313,84,consistency_score_file_q10,Q10 Score,c1,0.019220044146498888,consistency_score_file_q10 >= 0.01922
0.27586206896551724,0.5150669642857143,low_is_target,9.675357641114779e-05,0.4324324324324324,0.04803113553113553,32,1.1,0.27586206896551724,1.0,0.05240857026571312,84,high_low_gap_0_9_0_3,High >= 0.9 Minus Low < 0.3,c1,0.42857142857142855,high_low_gap_0_9_0_3 <= 0.428571
0.27586206896551724,0.5122767857142857,low_is_target,1.1935099945111691e-05,0.4324324324324324,0.33463827838827837,32,1.1,0.27586206896551724,1.0,0.33242884760741903,84,high_low_gap_0_6_0_4,High >= 0.6 Minus Low < 0.4,c1,0.8461538461538463,high_low_gap_0_6_0_4 <= 0.846154
0.27586206896551724,0.5111607142857143,low_is_target,2.583359630841709e-05,0.4324324324324324,0.47012934981684984,32,1.1,0.27586206896551724,1.0,0.4675574342985057,84,high_low_half_penalty_0_6_0_4,High >= 0.6 Minus 0.5 Low < 0.4,c1,0.8846153846153847,high_low_half_penalty_0_6_0_4 <= 0.884615
0.27586206896551724,0.5005580357142857,low_is_target,0.00019268981397879204,0.4324324324324324,0.49702380952380953,32,1.1,0.27586206896551724,1.0,0.49041414108378395,84,high_low_half_penalty_0_6_0_3,High >= 0.6 Minus 0.5 Low < 0.3,c1,0.8846153846153847,high_low_half_penalty_0_6_0_3 <= 0.884615
0.7758620689655172,0.5554455445544555,high_is_target,0.0008678588479962023,0.35000000000000003,0.4855555555555556,15,"1.3,1.5",0.28,0.4666666666666667,0.465699310315647,101,high_low_half_penalty_0_6_0_4,High >= 0.6 Minus 0.5 Low < 0.4,c2,0.6662087912087913,high_low_half_penalty_0_6_0_4 >= 0.666209
0.7672413793103449,0.5415841584158416,high_is_target,0.00022788211989857823,0.3414634146341463,0.5005738705738706,15,"1.3,1.5",0.2692307692307692,0.4666666666666667,0.4909994227444723,101,high_low_half_penalty_0_6_0_3,High >= 0.6 Minus 0.5 Low < 0.3,c2,0.6726190476190477,high_low_half_penalty_0_6_0_3 >= 0.672619
0.7586206896551724,0.5663366336633663,high_is_target,0.004767003688337009,0.33333333333333337,0.45638288533815424,15,"1.3,1.5",0.25925925925925924,0.4666666666666667,0.41411151280277764,101,consistency_score_file_q25,Q25 Score,c2,0.6237041480061641,consistency_score_file_q25 >= 0.623704
0.7586206896551724,0.5412541254125413,high_is_target,0.0006209507619594596,0.33333333333333337,0.533015873015873,15,"1.3,1.5",0.25925925925925924,0.4666666666666667,0.5182711952513933,101,high_low_half_penalty_0_6_0_2,High >= 0.6 Minus 0.5 Low < 0.2,c2,0.6726190476190477,high_low_half_penalty_0_6_0_2 >= 0.672619
0.8275862068965517,0.5082508250825083,high_is_target,0.0012189192458227547,0.3333333333333333,0.4582500862392726,15,"1.3,1.5",0.3333333333333333,0.3333333333333333,0.4488322820882549,101,failure_sensitive_score,70% Mean + 30% Worst,c2,0.5443206446119138,failure_sensitive_score >= 0.544321
0.7413793103448276,0.5531353135313531,high_is_target,0.0008093226469250991,0.3181818181818182,0.35413919413919415,15,"1.3,1.5",0.2413793103448276,0.4666666666666667,0.3299045563897049,101,high_low_gap_0_6_0_4,High >= 0.6 Minus Low < 0.4,c2,0.554945054945055,high_low_gap_0_6_0_4 >= 0.554945
0.7241379310344828,0.566006600660066,low_is_target,0.0012537436364507117,0.3043478260869565,0.313015873015873,15,"1.3,1.5",0.22580645161290322,0.4666666666666667,0.329445925361767,101,low_score_rate_0_5,Low Rate <0.5,c2,0.22252747252747251,low_score_rate_0_5 <= 0.222527
0.8017241379310345,0.532013201320132,high_is_target,2.2108785422530998e-05,0.303030303030303,0.3841758241758242,15,"1.3,1.5",0.2777777777777778,0.3333333333333333,0.3805047812473555,101,high_low_gap_0_6_0_3,High >= 0.6 Minus Low < 0.3,c2,0.6291208791208791,high_low_gap_0_6_0_3 >= 0.629121
0.8017241379310345,0.5214521452145214,high_is_target,0.0004057238222965498,0.303030303030303,0.44905982905982905,15,"1.3,1.5",0.2777777777777778,0.3333333333333333,0.43504832626119755,101,high_low_gap_0_6_0_2,High >= 0.6 Minus Low < 0.2,c2,0.6291208791208791,high_low_gap_0_6_0_2 >= 0.629121
0.7586206896551724,0.5207920792079208,high_is_target,2.2315323790595487e-05,0.3,0.6207124374057802,15,"1.3,1.5",0.24,0.4,0.619254542920769,101,consistency_score_file_mean,Mean Turn Score,c2,0.695089070642203,consistency_score_file_mean >= 0.695089
0.7155172413793104,0.5452145214521452,low_is_target,0.005581968924350651,0.2978723404255319,0.7999197186587544,15,"1.3,1.5",0.21875,0.4666666666666667,0.8264761119105689,101,entropy_normalized,Binned Score Entropy,c2,0.7462647130197761,entropy_normalized <= 0.746265
0.7931034482758621,0.5042904290429043,high_is_target,0.002080015928547112,0.29411764705882354,0.3215641221360919,15,"1.3,1.5",0.2631578947368421,0.3333333333333333,0.3037718634461517,101,mean_minus_std_score,Mean Minus Std,c2,0.41795200214836903,mean_minus_std_score >= 0.417952
0.6810344827586207,0.5247524752475248,low_is_target,0.002355364811103459,0.27450980392156865,0.19502564426775276,15,"1.3,1.5",0.19444444444444445,0.4666666666666667,0.1698214811453879,101,consistency_score_file_q10,Q10 Score,c2,0.05068025937644297,consistency_score_file_q10 <= 0.0506803
0.7241379310344828,0.5217821782178218,low_is_target,0.0018476148011142425,0.2727272727272727,0.27008547008547007,15,"1.3,1.5",0.20689655172413793,0.4,0.29084944208706587,101,high_low_half_penalty_0_8_0_2,High >= 0.8 Minus 0.5 Low < 0.2,c2,0.17261904761904762,high_low_half_penalty_0_8_0_2 <= 0.172619
0.6293103448275862,0.5234323432343234,low_is_target,2.511463923365712e-10,0.2711864406779661,0.45280034949369224,15,"1.3,1.5",0.18181818181818182,0.5333333333333333,0.45280880494037756,101,low_tail_penalty_score,Mean Minus Low Tail,c2,0.4130913026530553,low_tail_penalty_score <= 0.413091
0.8103448275862069,0.5372937293729373,high_is_target,0.0005804577189695844,0.26666666666666666,-0.03814407814407815,15,"1.3,1.5",0.26666666666666666,0.26666666666666666,-0.05590039773208091,101,high_low_gap_0_9_0_5,High >= 0.9 Minus Low < 0.5,c2,0.2582417582417582,high_low_gap_0_9_0_5 >= 0.258242
0.7155172413793104,0.5201320132013201,low_is_target,0.0023760012265975437,0.26666666666666666,0.23764346764346764,15,"1.3,1.5",0.2,0.4,0.26357766958014484,101,high_low_half_penalty_0_8_0_3,High >= 0.8 Minus 0.5 Low < 0.3,c2,0.14358974358974358,high_low_half_penalty_0_8_0_3 <= 0.14359
0.7155172413793104,0.5115511551155115,low_is_target,0.00016567369144692733,0.26666666666666666,0.39252747252747255,15,"1.3,1.5",0.2,0.4,0.4001891947436502,101,high_low_half_penalty_0_7_0_2,High >= 0.7 Minus 0.5 Low < 0.2,c2,0.3038461538461539,high_low_half_penalty_0_7_0_2 <= 0.303846
0.6637931034482759,0.5026402640264027,low_is_target,0.0005661299938312453,0.26415094339622636,0.2436874236874237,15,"1.3,1.5",0.18421052631578946,0.4666666666666667,0.26242278073961245,101,high_low_gap_0_7_0_3,High >= 0.7 Minus Low < 0.3,c2,0.18406593406593405,high_low_gap_0_7_0_3 <= 0.184066
0.7586206896551724,0.528052805280528,low_is_target,0.0014260571818170821,0.26315789473684204,0.18612942612942612,15,"1.3,1.5",0.21739130434782608,0.3333333333333333,0.20762657309687013,101,high_low_gap_0_8_0_2,High >= 0.8 Minus Low < 0.2,c2,0.06666666666666667,high_low_gap_0_8_0_2 <= 0.0666667
0.7068965517241379,0.5188118811881188,low_is_target,0.0022784679254063546,0.26086956521739135,0.12124542124542124,15,"1.3,1.5",0.1935483870967742,0.4,0.15308302808302807,101,high_low_gap_0_8_0_3,High >= 0.8 Minus Low < 0.3,c2,0.03571428571428571,high_low_gap_0_8_0_3 <= 0.0357143
0.853448275862069,0.5095709570957095,high_is_target,0.008990099801677877,0.26086956521739135,0.07917126685075516,15,"1.3,1.5",0.375,0.2,0.05118034014572208,101,worst_score,Worst Turn Score,c2,0.25089096740979855,worst_score >= 0.250891
0.7068965517241379,0.5036303630363037,low_is_target,0.00039546396369066094,0.26086956521739135,0.3600854700854701,15,"1.3,1.5",0.1935483870967742,0.4,0.3729174222367292,101,high_low_half_penalty_0_7_0_3,High >= 0.7 Minus 0.5 Low < 0.3,c2,0.2871794871794872,high_low_half_penalty_0_7_0_3 <= 0.287179
0.8017241379310345,0.5198019801980198,high_is_target,0.00024047307411072545,0.2580645161290323,0.01203907203907204,15,"1.3,1.5",0.25,0.26666666666666666,0.001956019777801955,101,high_low_gap_0_9_0_4,High >= 0.9 Minus Low < 0.4,c2,0.2761904761904762,high_low_gap_0_9_0_4 >= 0.27619
0.8017241379310345,0.5155115511551155,low_is_target,0.00011006110297591457,0.2580645161290323,0.23902752191570106,15,"1.3,1.5",0.25,0.26666666666666666,0.2427318500678504,101,high_density_score_0_8,Mean Times High Rate >=0.8,c2,0.10548418766453868,high_density_score_0_8 <= 0.105484
0.8017241379310345,0.502970297029703,low_is_target,0.0007692919147517447,0.2580645161290323,0.22262515262515262,15,"1.3,1.5",0.25,0.26666666666666666,0.2382775571513195,101,high_low_half_penalty_0_8_0_4,High >= 0.8 Minus 0.5 Low < 0.4,c2,0.012499999999999997,high_low_half_penalty_0_8_0_4 <= 0.0125
0.8017241379310345,0.502970297029703,low_is_target,0.0003125925103567246,0.2580645161290323,0.042075702075702076,15,"1.3,1.5",0.25,0.26666666666666666,0.052556244635452554,101,high_low_gap_0_9_0_3,High >= 0.9 Minus Low < 0.3,c2,-0.20714285714285713,high_low_gap_0_9_0_3 <= -0.207143
0.603448275862069,0.5244224422442244,high_is_target,2.8620039365536588e-05,0.25806451612903225,0.16791208791208792,15,"1.3,1.5",0.1702127659574468,0.5333333333333333,0.16644573798039144,101,low_score_rate_0_2,Low Rate <0.2,c2,0.17692307692307693,low_score_rate_0_2 >= 0.176923
0.75,0.5221122112211221,high_is_target,0.00010169015500619772,0.25641025641025644,0.16346764346764348,15,"1.3,1.5",0.20833333333333334,0.3333333333333333,0.15396613837207895,101,high_low_gap_0_7_0_5,High >= 0.7 Minus Low < 0.5,c2,0.41428571428571426,high_low_gap_0_7_0_5 >= 0.414286
0.75,0.5165016501650165,high_is_target,3.1471147406882054e-06,0.25641025641025644,0.31997557997558,15,"1.3,1.5",0.20833333333333334,0.3333333333333333,0.31868910105296244,101,high_low_half_penalty_0_7_0_5,High >= 0.7 Minus 0.5 Low < 0.5,c2,0.5178571428571429,high_low_half_penalty_0_7_0_5 >= 0.517857
0.6982758620689655,0.5346534653465347,low_is_target,0.0022265161781058794,0.25531914893617025,0.354041514041514,15,"1.3,1.5",0.1875,0.4,0.3740723110772616,101,high_score_rate_0_8,High Rate >=0.8,c2,0.2761904761904762,high_score_rate_0_8 <= 0.27619
0.646551724137931,0.5108910891089109,high_is_target,4.5887722535752845e-06,0.2545454545454546,0.21365079365079367,15,"1.3,1.5",0.175,0.4666666666666667,0.21182255588196183,101,high_low_gap_0_7_0_4,High >= 0.7 Minus Low < 0.4,c2,0.3324175824175824,high_low_gap_0_7_0_4 >= 0.332418
0.6379310344827587,0.5092409240924092,low_is_target,0.0001485044447188916,0.25,0.3085714285714286,15,"1.3,1.5",0.17073170731707318,0.4666666666666667,0.31696632575345446,101,high_low_gap_0_7_0_2,High >= 0.7 Minus Low < 0.2,c2,0.2403846153846154,high_low_gap_0_7_0_2 <= 0.240385
0.8448275862068966,0.5082508250825083,high_is_target,1.3999935780957193e-05,0.25,0.3450671550671551,15,"1.3,1.5",0.3333333333333333,0.2,0.3476173098079039,101,high_low_half_penalty_0_7_0_4,High >= 0.7 Minus 0.5 Low < 0.4,c2,0.6346153846153846,high_low_half_penalty_0_7_0_4 >= 0.634615
0.3103448275862069,0.5346534653465347,low_is_target,0.001804524826713663,0.24528301886792456,-0.05942508122155346,15,"1.3,1.5",0.14285714285714285,0.8666666666666667,0.008825507112111818,101,c2_repetition_symptom_score,c2 Repetition Symptom Score,c2,0.3849049190701978,c2_repetition_symptom_score <= 0.384905
0.7844827586206896,0.529042904290429,high_is_target,0.000320363267865174,0.2424242424242424,0.11836385836385836,15,"1.3,1.5",0.2222222222222222,0.26666666666666666,0.10882256494880257,101,high_low_half_penalty_0_9_0_5,High >= 0.9 Minus 0.5 Low < 0.5,c2,0.33379120879120877,high_low_half_penalty_0_9_0_5 >= 0.333791
0.7844827586206896,0.5198019801980198,high_is_target,0.00013430960086203254,0.2424242424242424,0.14345543345543346,15,"1.3,1.5",0.2222222222222222,0.26666666666666666,0.137750773703744,101,high_low_half_penalty_0_9_0_4,High >= 0.9 Minus 0.5 Low < 0.4,c2,0.33974358974358976,high_low_half_penalty_0_9_0_4 >= 0.339744
0.5689655172413793,0.5046204620462046,high_is_target,0.00024084484643034217,0.2424242424242424,0.0912087912087912,15,"1.3,1.5",0.1568627450980392,0.5333333333333333,0.10248280322537748,101,high_low_gap_0_8_0_4,High >= 0.8 Minus Low < 0.4,c2,0.20089285714285712,high_low_gap_0_8_0_4 >= 0.200893
0.6724137931034483,0.5115511551155115,low_is_target,0.0002668272100557974,0.24000000000000002,0.6737635882397832,15,"1.3,1.5",0.17142857142857143,0.4,0.6804166755990537,101,consistency_score_file_median,Median Turn Score,c2,0.6056739726286979,consistency_score_file_median <= 0.605674
0.5603448275862069,0.5207920792079208,high_is_target,1.946622785051092e-05,0.23880597014925373,0.041025641025641026,15,"1.3,1.5",0.15384615384615385,0.5333333333333333,0.04462638571549462,101,high_low_gap_0_8_0_5,High >= 0.8 Minus Low < 0.5,c2,0.10989010989010989,high_low_gap_0_8_0_5 >= 0.10989
0.5517241379310345,0.503960396039604,high_is_target,0.00037804909416711875,0.23529411764705882,0.19753357753357753,15,"1.3,1.5",0.1509433962264151,0.5333333333333333,0.2093493483963781,101,high_low_half_penalty_0_8_0_5,High >= 0.8 Minus 0.5 Low < 0.5,c2,0.25,high_low_half_penalty_0_8_0_5 >= 0.25
0.15517241379310345,0.5036303630363037,low_is_target,1.3243534898143612e-05,0.23437500000000003,0.27487179487179486,15,"1.3,1.5",0.13274336283185842,1.0,0.27354552762968604,101,high_score_rate_0_9,High Rate >=0.9,c2,0.5192307692307692,high_score_rate_0_9 <= 0.519231
0.13793103448275862,0.501980198019802,low_is_target,9.852573891580477e-05,0.23076923076923078,0.15847374847374848,15,"1.3,1.5",0.13043478260869565,1.0,0.1630508861325693,101,high_low_half_penalty_0_9_0_3,High >= 0.9 Minus 0.5 Low < 0.3,c2,0.44505494505494503,high_low_half_penalty_0_9_0_3 <= 0.445055
0.6982758620689655,0.6683168316831682,low_is_target,0.035986040120688755,0.36363636363636365,0.10744810744810744,15,"2.2,2.3",0.25,0.6666666666666666,0.22272837860709147,101,high_low_half_penalty_0_8_0_5,High >= 0.8 Minus 0.5 Low < 0.5,c3,0.1380952380952381,high_low_half_penalty_0_8_0_5 <= 0.138095
0.75,0.6531353135313531,low_is_target,0.035161043345531044,0.3555555555555555,0.30201465201465205,15,"2.2,2.3",0.26666666666666666,0.5333333333333333,0.41363169283961365,101,high_low_half_penalty_0_7_0_2,High >= 0.7 Minus 0.5 Low < 0.2,c3,0.3038461538461539,high_low_half_penalty_0_7_0_2 <= 0.303846
0.7413793103448276,0.6468646864686469,low_is_target,0.03579055297995517,0.34782608695652173,0.264969474969475,15,"2.2,2.3",0.25806451612903225,0.5333333333333333,0.3870435601252433,101,high_low_half_penalty_0_7_0_3,High >= 0.7 Minus 0.5 Low < 0.3,c3,0.2871794871794872,high_low_half_penalty_0_7_0_3 <= 0.287179
0.7413793103448276,0.6465346534653466,low_is_target,0.033466353497355814,0.34782608695652173,0.13457875457875457,15,"2.2,2.3",0.25806451612903225,0.5333333333333333,0.2786270385280286,101,high_low_gap_0_7_0_3,High >= 0.7 Minus Low < 0.3,c3,0.1435897435897436,high_low_gap_0_7_0_3 <= 0.14359
0.7068965517241379,0.6653465346534653,low_is_target,0.0401064802080012,0.34615384615384615,0.13785103785103786,15,"2.2,2.3",0.24324324324324326,0.6,0.25086777221678214,101,high_low_half_penalty_0_8_0_4,High >= 0.8 Minus 0.5 Low < 0.4,c3,0.14358974358974358,high_low_half_penalty_0_8_0_4 <= 0.14359
0.7672413793103449,0.6554455445544555,low_is_target,0.03270739608720938,0.3414634146341463,0.20466422466422468,15,"2.2,2.3",0.2692307692307692,0.4666666666666667,0.33581454986157955,101,high_low_half_penalty_0_7_0_5,High >= 0.7 Minus 0.5 Low < 0.5,c3,0.1153846153846154,high_low_half_penalty_0_7_0_5 <= 0.115385
0.7672413793103449,0.6495049504950495,low_is_target,0.035761010335284164,0.3414634146341463,0.2350671550671551,15,"2.2,2.3",0.2692307692307692,0.4666666666666667,0.3639539434712702,101,high_low_half_penalty_0_7_0_4,High >= 0.7 Minus 0.5 Low < 0.4,c3,0.16620879120879123,high_low_half_penalty_0_7_0_4 <= 0.166209
0.7327586206896551,0.6676567656765677,low_is_target,0.03936962394943883,0.3404255319148936,0.2981440781440782,15,"2.2,2.3",0.25,0.5333333333333333,0.38237391046796987,101,high_score_rate_0_8,High Rate >=0.8,c3,0.2761904761904762,high_score_rate_0_8 <= 0.27619
0.6982758620689655,0.6673267326732673,low_is_target,0.03984583083018562,0.339622641509434,0.16775335775335776,15,"2.2,2.3",0.23684210526315788,0.6,0.2739573888707552,101,high_low_half_penalty_0_8_0_3,High >= 0.8 Minus 0.5 Low < 0.3,c3,0.18543956043956045,high_low_half_penalty_0_8_0_3 <= 0.18544
0.6896551724137931,0.6663366336633663,low_is_target,0.03811709027674784,0.33333333333333337,0.18223010765721506,15,"2.2,2.3",0.23076923076923078,0.6,0.25116710961118993,101,high_density_score_0_8,Mean Times High Rate >=0.8,c3,0.1787017575310892,high_density_score_0_8 <= 0.178702
0.7241379310344828,0.6551155115511551,low_is_target,0.03214904704932062,0.3333333333333333,-0.08324786324786325,15,"2.2,2.3",0.24242424242424243,0.5333333333333333,0.06308284674621308,101,high_low_gap_0_8_0_5,High >= 0.8 Minus Low < 0.5,c3,-0.06349206349206352,high_low_gap_0_8_0_5 <= -0.0634921
0.646551724137931,0.664026402640264,low_is_target,0.03693096266018142,0.32786885245901637,0.037362637362637355,15,"2.2,2.3",0.21739130434782608,0.6666666666666666,0.16554086727354053,101,high_low_gap_0_8_0_3,High >= 0.8 Minus Low < 0.3,c3,0.10989010989010989,high_low_gap_0_8_0_3 <= 0.10989
0.646551724137931,0.6607260726072608,low_is_target,0.0381026434712788,0.32786885245901637,-0.02244200244200244,15,"2.2,2.3",0.21739130434782608,0.6666666666666666,0.11936163396559436,101,high_low_gap_0_8_0_4,High >= 0.8 Minus Low < 0.4,c3,0.07417582417582418,high_low_gap_0_8_0_4 <= 0.0741758
0.7155172413793104,0.6422442244224422,low_is_target,0.031949645401172996,0.326530612244898,0.20866910866910868,15,"2.2,2.3",0.23529411764705882,0.5333333333333333,0.3318033039567693,101,high_low_gap_0_7_0_2,High >= 0.7 Minus Low < 0.2,c3,0.21538461538461537,high_low_gap_0_7_0_2 <= 0.215385
0.7844827586206896,0.641914191419142,low_is_target,0.03413104738518939,0.3243243243243243,0.07477411477411477,15,"2.2,2.3",0.2727272727272727,0.4,0.23244780522008246,101,high_low_gap_0_7_0_4,High >= 0.7 Minus Low < 0.4,c3,-0.033333333333333326,high_low_gap_0_7_0_4 <= -0.0333333
0.7844827586206896,0.5976897689768976,low_is_target,0.017317682032548166,0.3243243243243243,0.39103785103785105,15,"2.2,2.3",0.2727272727272727,0.4,0.479736593164811,101,high_low_half_penalty_0_6_0_4,High >= 0.6 Minus 0.5 Low < 0.4,c3,0.24166666666666667,high_low_half_penalty_0_6_0_4 <= 0.241667
0.6379310344827587,0.6511551155115511,low_is_target,0.02704693954776162,0.3225806451612903,0.033724053724053724,15,"2.2,2.3",0.2127659574468085,0.6666666666666666,0.12139283296461514,101,high_low_half_penalty_0_9_0_5,High >= 0.9 Minus 0.5 Low < 0.5,c3,0.06904761904761905,high_low_half_penalty_0_9_0_5 <= 0.0690476
0.7068965517241379,0.6729372937293729,low_is_target,0.03928626974121169,0.32,0.2047985347985348,15,"2.2,2.3",0.22857142857142856,0.5333333333333333,0.30054552158512554,101,high_low_half_penalty_0_8_0_2,High >= 0.8 Minus 0.5 Low < 0.2,c3,0.2032967032967033,high_low_half_penalty_0_8_0_2 <= 0.203297
0.7758620689655172,0.6491749174917492,low_is_target,0.029048545598348463,0.31578947368421056,0.09402930402930403,15,"2.2,2.3",0.2608695652173913,0.4,0.17262184322827887,101,high_low_half_penalty_0_9_0_3,High >= 0.9 Minus 0.5 Low < 0.3,c3,0.035897435897435895,high_low_half_penalty_0_9_0_3 <= 0.0358974
0.7758620689655172,0.601980198019802,low_is_target,0.019020338130644184,0.31578947368421056,0.23074481074481074,15,"2.2,2.3",0.2608695652173913,0.4,0.34823045491362326,101,high_low_gap_0_6_0_4,High >= 0.6 Minus Low < 0.4,c3,0.06904761904761905,high_low_gap_0_6_0_4 <= 0.0690476
0.7758620689655172,0.599009900990099,low_is_target,0.01666872966671817,0.31578947368421056,0.42094017094017094,15,"2.2,2.3",0.2608695652173913,0.4,0.5028262098187841,101,high_low_half_penalty_0_6_0_3,High >= 0.6 Minus 0.5 Low < 0.3,c3,0.3038461538461539,high_low_half_penalty_0_6_0_3 <= 0.303846
0.6982758620689655,0.6247524752475248,low_is_target,0.02432067928952169,0.3137254901960784,0.4134220832802283,15,"2.2,2.3",0.2222222222222222,0.5333333333333333,0.45548990629009317,101,failure_sensitive_score,70% Mean + 30% Worst,c3,0.4060882322025652,failure_sensitive_score <= 0.406088
0.7327586206896551,0.6485148514851485,low_is_target,0.02963465593226767,0.31111111111111117,0.013968253968253968,15,"2.2,2.3",0.23333333333333334,0.4666666666666667,0.17616901800070117,101,high_low_gap_0_7_0_5,High >= 0.7 Minus Low < 0.5,c3,-0.061111111111111116,high_low_gap_0_7_0_5 <= -0.0611111
0.7327586206896551,0.641914191419142,low_is_target,0.03084287663408925,0.31111111111111117,-0.09616605616605615,15,"2.2,2.3",0.23333333333333334,0.4666666666666667,0.018026088323118025,101,high_low_gap_0_9_0_4,High >= 0.9 Minus Low < 0.4,c3,-0.14835164835164838,high_low_gap_0_9_0_4 <= -0.148352
0.6551724137931034,0.6468646864686469,low_is_target,0.025948170309243627,0.3103448275862069,-0.15697191697191698,15,"2.2,2.3",0.20930232558139536,0.6,-0.03825269889626325,101,high_low_gap_0_9_0_5,High >= 0.9 Minus Low < 0.5,c3,-0.1098901098901099,high_low_gap_0_9_0_5 <= -0.10989
0.5775862068965517,0.6795379537953795,low_is_target,0.035504582436627144,0.30985915492957744,0.11145299145299145,15,"2.2,2.3",0.19642857142857142,0.7333333333333333,0.21871713270228121,101,high_low_gap_0_8_0_2,High >= 0.8 Minus Low < 0.2,c3,0.22252747252747251,high_low_gap_0_8_0_2 <= 0.222527
0.7672413793103449,0.6089108910891089,high_is_target,0.014016407204899555,0.3076923076923077,0.8596822353016828,15,"2.2,2.3",0.25,0.4,0.8176004906269657,101,entropy_normalized,Binned Score Entropy,c3,0.9250751035817213,entropy_normalized >= 0.925075
0.7672413793103449,0.597029702970297,low_is_target,0.01457255377712276,0.3076923076923077,0.457985347985348,15,"2.2,2.3",0.25,0.4,0.5294143425331544,101,high_low_half_penalty_0_6_0_2,High >= 0.6 Minus 0.5 Low < 0.2,c3,0.33974358974358976,high_low_half_penalty_0_6_0_2 <= 0.339744
0.5689655172413793,0.6452145214521452,low_is_target,0.0290775586494984,0.3055555555555555,0.61908489297257,15,"2.2,2.3",0.19298245614035087,0.7333333333333333,0.6885372739060657,101,consistency_score_file_median,Median Turn Score,c3,0.6856445487894882,consistency_score_file_median <= 0.685645
0.5689655172413793,0.6392739273927392,low_is_target,0.028781920107250246,0.3055555555555555,-0.03636141636141636,15,"2.2,2.3",0.19298245614035087,0.7333333333333333,0.0642053216310642,101,high_low_gap_0_9_0_3,High >= 0.9 Minus Low < 0.3,c3,0.0357142857142857,high_low_gap_0_9_0_3 <= 0.0357143
0.6810344827586207,0.6475247524752475,low_is_target,0.030103474578655122,0.3018867924528302,0.06412698412698413,15,"2.2,2.3",0.21052631578947367,0.5333333333333333,0.1495322265743058,101,high_low_half_penalty_0_9_0_4,High >= 0.9 Minus 0.5 Low < 0.4,c3,0.0717948717948718,high_low_half_penalty_0_9_0_4 <= 0.0717949
0.6810344827586207,0.6346534653465347,low_is_target,0.027613470613972485,0.3018867924528302,0.5747902964943917,15,"2.2,2.3",0.21052631578947367,0.5333333333333333,0.6260746628581039,101,consistency_score_file_mean,Mean Turn Score,c3,0.5808183802312237,consistency_score_file_mean <= 0.580818
0.6379310344827587,0.6062706270627063,low_is_target,0.018141892610837308,0.3,0.2603213923596564,15,"2.2,2.3",0.2,0.6,0.3128673183634441,101,mean_minus_std_score,Mean Minus Std,c3,0.25066289003556885,mean_minus_std_score <= 0.250663
0.6293103448275862,0.6168316831683168,low_is_target,0.0194021453045398,0.29508196721311475,0.388099209803305,15,"2.2,2.3",0.1956521739130435,0.6,0.46241788509241527,101,low_tail_penalty_score,Mean Minus Low Tail,c3,0.4170164868919131,low_tail_penalty_score <= 0.417016
0.8275862068965517,0.6336633663366337,low_is_target,0.02413548913289884,0.28571428571428575,0.22442002442002443,15,"2.2,2.3",0.3076923076923077,0.26666666666666666,0.28103836482549355,101,high_score_rate_0_9,High Rate >=0.9,c3,0.1380952380952381,high_score_rate_0_9 <= 0.138095
0.7844827586206896,0.6,low_is_target,0.017696385997566576,0.28571428571428575,0.2905494505494505,15,"2.2,2.3",0.25,0.3333333333333333,0.3944096882215694,101,high_low_gap_0_6_0_3,High >= 0.6 Minus Low < 0.3,c3,0.10989010989010989,high_low_gap_0_6_0_3 <= 0.10989
0.646551724137931,0.6046204620462046,high_is_target,0.01791126765283163,0.2807017543859649,0.3813919413919414,15,"2.2,2.3",0.19047619047619047,0.5333333333333333,0.3192910637217568,101,low_score_rate_0_5,Low Rate <0.5,c3,0.32291666666666663,low_score_rate_0_5 >= 0.322917
0.6810344827586207,0.5897689768976897,low_is_target,0.01421849166376135,0.27450980392156865,0.36463980463980467,15,"2.2,2.3",0.19444444444444445,0.4666666666666667,0.4475859536503101,101,high_low_gap_0_6_0_2,High >= 0.6 Minus Low < 0.2,c3,0.31009615384615385,high_low_gap_0_6_0_2 <= 0.310096
0.29310344827586204,0.5620462046204621,low_is_target,0.012810557176110335,0.2678571428571429,0.12190178290385863,15,"2.2,2.3",0.15463917525773196,1.0,0.18068146055586723,101,consistency_score_file_q10,Q10 Score,c3,0.337675166252418,consistency_score_file_q10 <= 0.337675
0.5258620689655172,0.5561056105610561,low_is_target,0.003190296204104495,0.26666666666666666,0.3894682113624555,15,"2.2,2.3",0.16666666666666666,0.6666666666666666,0.42404933567045566,101,consistency_score_file_q25,Q25 Score,c3,0.44670004635527427,consistency_score_file_q25 <= 0.4467
0.47413793103448276,0.5643564356435644,low_is_target,0.004851590316515124,0.26506024096385544,0.03689625244718042,15,"2.2,2.3",0.16176470588235295,0.7333333333333333,0.057458807631401494,101,worst_score,Worst Turn Score,c3,0.006141475209434081,worst_score <= 0.00614148
0.5603448275862069,0.5534653465346535,high_is_target,0.001850541841893043,0.2608695652173913,0.06017800801949424,15,"2.2,2.3",0.16666666666666666,0.6,-0.008937327923687345,101,c2_repetition_symptom_score,c2 Repetition Symptom Score,c3,0.03321577258147687,c2_repetition_symptom_score >= 0.0332158
0.603448275862069,0.5633663366336633,high_is_target,0.007062286866303649,0.25806451612903225,0.1866910866910867,15,"2.2,2.3",0.1702127659574468,0.5333333333333333,0.16365677776568865,101,low_score_rate_0_2,Low Rate <0.2,c3,0.17692307692307693,low_score_rate_0_2 >= 0.176923
0.5172413793103449,0.5793226381461676,low_is_target,0.006983173394174336,0.3,0.35892049127343245,17,2.6,0.19047619047619047,0.7058823529411765,0.40611487278153946,99,high_low_half_penalty_0_7_0_2,High >= 0.7 Minus 0.5 Low < 0.2,c4,0.42582417582417587,high_low_half_penalty_0_7_0_2 <= 0.425824
0.5948275862068966,0.5704099821746881,low_is_target,0.006461302582983425,0.29850746268656714,0.27165481577246287,17,2.6,0.2,0.5882352941176471,0.32696061654394987,99,high_low_half_penalty_0_7_0_5,High >= 0.7 Minus 0.5 Low < 0.5,c4,0.31456043956043955,high_low_half_penalty_0_7_0_5 <= 0.31456
0.5517241379310345,0.5870469399881164,low_is_target,0.010942652165190732,0.29729729729729726,-0.11603102779573368,17,2.6,0.19298245614035087,0.6470588235294118,-0.04288458455125122,99,high_low_gap_0_9_0_5,High >= 0.9 Minus Low < 0.5,c4,-0.06904761904761904,high_low_gap_0_9_0_5 <= -0.0690476
0.3448275862068966,0.5811051693404634,low_is_target,0.006801572685921335,0.29629629629629634,0.2698771816418875,17,2.6,0.17582417582417584,0.9411764705882353,0.3237803862803863,99,high_low_gap_0_7_0_2,High >= 0.7 Minus Low < 0.2,c4,0.4285714285714286,high_low_gap_0_7_0_2 <= 0.428571
0.3448275862068966,0.5698158051099227,low_is_target,0.005989271793209814,0.29629629629629634,0.654033073277862,17,2.6,0.17582417582417584,0.9411764705882353,0.683939149630076,99,consistency_score_file_median,Median Turn Score,c4,0.7863218548329183,consistency_score_file_median <= 0.786322
0.3793103448275862,0.5882352941176471,low_is_target,0.011454117996135153,0.29411764705882354,0.095830639948287,17,2.6,0.17647058823529413,0.8823529411764706,0.14581352289685623,99,high_low_half_penalty_0_9_0_4,High >= 0.9 Minus 0.5 Low < 0.4,c4,0.24038461538461536,high_low_half_penalty_0_9_0_4 <= 0.240385
0.5862068965517241,0.5689245395127748,high_is_target,0.006636824003836852,0.29411764705882354,0.8464896200409503,17,2.6,0.19607843137254902,0.5882352941176471,0.8190157529510367,99,entropy_normalized,Binned Score Entropy,c4,0.8744326433772345,entropy_normalized >= 0.874433
0.33620689655172414,0.5656565656565656,low_is_target,0.007846553520012267,0.2935779816513761,0.2169264424365168,17,2.6,0.17391304347826086,0.9411764705882353,0.24660181984007698,99,high_density_score_0_8,Mean Times High Rate >=0.8,c4,0.3450374576228802,high_density_score_0_8 <= 0.345037
0.45689655172413796,0.5932857991681522,low_is_target,0.015831089315050548,0.29213483146067415,0.2365869424692954,17,2.6,0.18055555555555555,0.7647058823529411,0.2800929009262343,99,high_score_rate_0_9,High Rate >=0.9,c4,0.2967032967032967,high_score_rate_0_9 <= 0.296703
0.45689655172413796,0.5710041592394534,low_is_target,0.00768317188063879,0.29213483146067415,0.25387847446670975,17,2.6,0.18055555555555555,0.7647058823529411,0.2940519357186024,99,high_low_half_penalty_0_8_0_2,High >= 0.8 Minus 0.5 Low < 0.2,c4,0.3516483516483516,high_low_half_penalty_0_8_0_2 <= 0.351648
0.7068965517241379,0.5710041592394534,low_is_target,0.006250882214900062,0.29166666666666663,0.01325145442792501,17,2.6,0.22580645161290322,0.4117647058823529,0.05771759105092438,99,high_low_gap_0_9_0_3,High >= 0.9 Minus Low < 0.3,c4,-0.07417582417582418,high_low_gap_0_9_0_3 <= -0.0741758
0.6206896551724138,0.5784313725490196,low_is_target,0.008375923213703338,0.2903225806451613,-0.0449256625727214,17,2.6,0.2,0.5294117647058824,0.0115341448674782,99,high_low_gap_0_9_0_4,High >= 0.9 Minus Low < 0.4,c4,-0.07179487179487179,high_low_gap_0_9_0_4 <= -0.0717949
0.5344827586206896,0.5879382055852644,low_is_target,0.013299247648328554,0.2894736842105263,0.06027795733678086,17,2.6,0.1864406779661017,0.6470588235294118,0.11860415818749152,99,high_low_half_penalty_0_9_0_5,High >= 0.9 Minus 0.5 Low < 0.5,c4,0.09203296703296704,high_low_half_penalty_0_9_0_5 <= 0.092033
0.49137931034482757,0.5677361853832442,low_is_target,0.0075346711441655525,0.28915662650602414,0.16483516483516483,17,2.6,0.18181818181818182,0.7058823529411765,0.21171744921744923,99,high_low_gap_0_8_0_2,High >= 0.8 Minus Low < 0.2,c4,0.2403846153846154,high_low_gap_0_8_0_2 <= 0.240385
0.49137931034482757,0.5632798573975044,low_is_target,0.006153528985865728,0.28915662650602414,0.09534583063994828,17,2.6,0.18181818181818182,0.7058823529411765,0.16547187380520714,99,high_low_gap_0_7_0_5,High >= 0.7 Minus Low < 0.5,c4,0.23076923076923075,high_low_gap_0_7_0_5 <= 0.230769
0.4482758620689655,0.5588235294117647,low_is_target,0.004477468937016314,0.28888888888888886,0.3362960568842922,17,2.6,0.1780821917808219,0.7647058823529411,0.3772617043450377,99,high_low_half_penalty_0_7_0_3,High >= 0.7 Minus 0.5 Low < 0.3,c4,0.4423076923076923,high_low_half_penalty_0_7_0_3 <= 0.442308
0.4051724137931034,0.5502079619726679,low_is_target,0.004521858967674538,0.28865979381443296,0.2312540400775695,17,2.6,0.175,0.8235294117647058,0.2651987672821006,99,high_low_half_penalty_0_8_0_3,High >= 0.8 Minus 0.5 Low < 0.3,c4,0.3516483516483516,high_low_half_penalty_0_8_0_3 <= 0.351648
0.6120689655172413,0.5656565656565656,low_is_target,0.005274321007383832,0.28571428571428575,0.307207498383969,17,2.6,0.1956521739130435,0.5294117647058824,0.3541699812533146,99,high_low_half_penalty_0_7_0_4,High >= 0.7 Minus 0.5 Low < 0.4,c4,0.33379120879120877,high_low_half_penalty_0_7_0_4 <= 0.333791
0.35344827586206895,0.5754604872251932,low_is_target,0.010107950675541787,0.2857142857142857,0.12491919844861021,17,2.6,0.17045454545454544,0.8823529411764706,0.1689052459885793,99,high_low_half_penalty_0_9_0_3,High >= 0.9 Minus 0.5 Low < 0.3,c4,0.27524038461538464,high_low_half_penalty_0_9_0_3 <= 0.27524
0.3103448275862069,0.5430778371954843,low_is_target,0.0023272542846775697,0.28571428571428564,0.4395128931588405,17,2.6,0.16842105263157894,0.9411764705882353,0.4518595212202277,99,failure_sensitive_score,70% Mean + 30% Worst,c4,0.5137155458109833,failure_sensitive_score <= 0.513716
0.3017241379310345,0.5600118835412953,low_is_target,0.0069035606304091056,0.2831858407079646,0.3429217840982547,17,2.6,0.16666666666666666,0.9411764705882353,0.37638642221975555,99,high_score_rate_0_8,High Rate >=0.8,c4,0.5166666666666666,high_score_rate_0_8 <= 0.516667
0.3017241379310345,0.5472370766488414,low_is_target,0.0030776797247108107,0.2831858407079646,0.224628312863607,17,2.6,0.16666666666666666,0.9411764705882353,0.2660740494073827,99,high_low_gap_0_7_0_3,High >= 0.7 Minus Low < 0.3,c4,0.4285714285714286,high_low_gap_0_7_0_3 <= 0.428571
0.3448275862068966,0.5454545454545454,high_is_target,0.0014861593803297767,0.2830188679245283,0.050153255179330926,17,2.6,0.16853932584269662,0.8823529411764706,-0.008612175131804385,99,c2_repetition_symptom_score,c2 Repetition Symptom Score,c4,-0.41458599250620554,c2_repetition_symptom_score >= -0.414586
0.43103448275862066,0.5353535353535354,low_is_target,0.0029592171434012996,0.2826086956521739,0.11958629605688428,17,2.6,0.17333333333333334,0.7647058823529411,0.15401111234444567,99,high_low_gap_0_8_0_3,High >= 0.8 Minus Low < 0.3,c4,0.25427350427350426,high_low_gap_0_8_0_3 <= 0.254274
0.29310344827586204,0.5412953060011884,low_is_target,0.003598833735162985,0.2807017543859649,0.49143503555268264,17,2.6,0.16494845360824742,0.9411764705882353,0.5251134667801335,99,high_low_half_penalty_0_6_0_2,High >= 0.6 Minus 0.5 Low < 0.2,c4,0.6854395604395604,high_low_half_penalty_0_6_0_2 <= 0.68544
0.29310344827586204,0.5359477124183006,low_is_target,0.002761347203053046,0.2807017543859649,0.28947290616251725,17,2.6,0.16494845360824742,0.9411764705882353,0.30892303672060517,99,mean_minus_std_score,Mean Minus Std,c4,0.41795200214836903,mean_minus_std_score <= 0.417952
0.33620689655172414,0.5561497326203209,low_is_target,0.0051414122065011215,0.28037383177570085,0.6015243359411564,17,2.6,0.16666666666666666,0.8823529411764706,0.6225200170210577,99,consistency_score_file_mean,Mean Turn Score,c4,0.6900749152457604,consistency_score_file_mean <= 0.690075
0.4224137931034483,0.560308972073678,low_is_target,0.004355378470302681,0.27956989247311825,0.16645119586296056,17,2.6,0.17105263157894737,0.7647058823529411,0.21989060322393655,99,high_low_gap_0_7_0_4,High >= 0.7 Minus Low < 0.4,c4,0.3076923076923077,high_low_gap_0_7_0_4 <= 0.307692
0.5086206896551724,0.5612002376708258,low_is_target,0.007013226842484532,0.2784810126582279,0.16661279896574013,17,2.6,0.1774193548387097,0.6470588235294118,0.21489767948101282,99,high_low_half_penalty_0_8_0_5,High >= 0.8 Minus 0.5 Low < 0.5,c4,0.24038461538461536,high_low_half_penalty_0_8_0_5 <= 0.240385
0.28448275862068967,0.5597147950089126,low_is_target,0.006641984559834435,0.2782608695652174,-0.009696186166774406,17,2.6,0.16326530612244897,0.9411764705882353,0.05340893674227007,99,high_low_gap_0_8_0_5,High >= 0.8 Minus Low < 0.5,c4,0.29670329670329665,high_low_gap_0_8_0_5 <= 0.296703
0.28448275862068967,0.5466428995840761,low_is_target,0.0037447360778180457,0.2782608695652174,0.4023917259211377,17,2.6,0.16326530612244897,0.9411764705882353,0.44277898027898027,99,high_low_gap_0_6_0_2,High >= 0.6 Minus Low < 0.2,c4,0.6291208791208791,high_low_gap_0_6_0_2 <= 0.629121
0.28448275862068967,0.5338680926916222,low_is_target,0.0020807953824495793,0.2782608695652174,0.46881060116354234,17,2.6,0.16326530612244897,0.9411764705882353,0.49626029834363167,99,high_low_half_penalty_0_6_0_3,High >= 0.6 Minus 0.5 Low < 0.3,c4,0.6854395604395604,high_low_half_penalty_0_6_0_3 <= 0.68544
0.28448275862068967,0.5279263220439692,low_is_target,0.0014216499235725523,0.2782608695652174,0.35714285714285715,17,2.6,0.16326530612244897,0.9411764705882353,0.38507264340597674,99,high_low_gap_0_6_0_3,High >= 0.6 Minus Low < 0.3,c4,0.6291208791208791,high_low_gap_0_6_0_3 <= 0.629121
0.3706896551724138,0.5573380867498514,low_is_target,0.004621454133802099,0.2772277227722772,0.4234377166780665,17,2.6,0.16666666666666666,0.8235294117647058,0.4578510440187514,99,low_tail_penalty_score,Mean Minus Low Tail,c4,0.5586446785872521,low_tail_penalty_score <= 0.558645
0.27586206896551724,0.5451574569221629,low_is_target,0.0038307531604545395,0.2758620689655173,0.1470534827648047,17,2.6,0.16161616161616163,0.9411764705882353,0.1775499500272605,99,consistency_score_file_q10,Q10 Score,c4,0.365931332311762,consistency_score_file_q10 <= 0.365931
0.45689655172413796,0.5439691027926322,high_is_target,0.004532866573914602,0.2758620689655173,0.3526179702650291,17,2.6,0.17142857142857143,0.7058823529411765,0.3229774854774855,99,low_score_rate_0_5,Low Rate <0.5,c4,0.2761904761904762,low_score_rate_0_5 >= 0.27619
0.22413793103448276,0.5552584670231728,low_is_target,0.005564813672931354,0.27419354838709675,0.2021654815772463,17,2.6,0.1588785046728972,1.0,0.2421070441903775,99,high_low_half_penalty_0_8_0_4,High >= 0.8 Minus 0.5 Low < 0.4,c4,0.4642857142857143,high_low_half_penalty_0_8_0_4 <= 0.464286
0.4482758620689655,0.5481283422459893,high_is_target,0.002662067966636216,0.27272727272727276,0.17808661926308986,17,2.6,0.16901408450704225,0.7058823529411765,0.16466897300230635,99,low_score_rate_0_2,Low Rate <0.2,c4,0.14835164835164835,low_score_rate_0_2 >= 0.148352
0.21551724137931033,0.5395127748068924,low_is_target,0.0035810864565615067,0.272,0.3899107177537443,17,2.6,0.1574074074074074,1.0,0.42467195829635557,99,consistency_score_file_q25,Q25 Score,c4,0.678726098047812,consistency_score_file_q25 <= 0.678726
0.49137931034482757,0.5493166963755198,low_is_target,0.004535590294939588,0.2716049382716049,0.06140917905623788,17,2.6,0.171875,0.6470588235294118,0.1078276661609995,99,high_low_gap_0_8_0_4,High >= 0.8 Minus Low < 0.4,c4,0.17067307692307693,high_low_gap_0_8_0_4 <= 0.170673
0.25862068965517243,0.5350564468211527,low_is_target,0.002439924531175398,0.27118644067796616,0.2989657401422107,17,2.6,0.15841584158415842,0.9411764705882353,0.3388891972225306,99,high_low_gap_0_6_0_4,High >= 0.6 Minus Low < 0.4,c4,0.5714285714285714,high_low_gap_0_6_0_4 <= 0.571429
0.33620689655172414,0.5362448009506833,low_is_target,0.0027354483854006594,0.26666666666666666,0.4397220426632191,17,2.6,0.1590909090909091,0.8235294117647058,0.4731685752519086,99,high_low_half_penalty_0_6_0_4,High >= 0.6 Minus 0.5 Low < 0.4,c4,0.6483516483516484,high_low_half_penalty_0_6_0_4 <= 0.648352
0.2672413793103448,0.5080213903743316,low_is_target,0.0007823904295696459,0.2608695652173913,0.061486193333436925,17,2.6,0.15306122448979592,0.8823529411764706,0.05365169768495787,99,worst_score,Worst Turn Score,c4,0.15363043634716916,worst_score <= 0.15363
