file,sample,label,y,n_outputs,n_entries,entry_max,entry_mean,entry_min,entry_q25,entry_q50,entry_q75,entry_std,high_low_gap_0_7_0_3,high_low_gap_0_8_0_2,high_low_gap_0_9_0_5,high_low_ratio_0_7_0_3,high_low_ratio_0_8_0_2,high_low_ratio_0_9_0_5,high_score_rate_0_1,high_score_rate_0_2,high_score_rate_0_3,high_score_rate_0_4,high_score_rate_0_5,high_score_rate_0_6,high_score_rate_0_7,high_score_rate_0_8,high_score_rate_0_9,low_score_rate_0_1,low_score_rate_0_2,low_score_rate_0_3,low_score_rate_0_4,low_score_rate_0_5,low_score_rate_0_6,low_score_rate_0_7,low_score_rate_0_8,low_score_rate_0_9,score_max,score_mean,score_min,score_q10,score_q25,score_q50,score_q75,score_q90,score_std
ChatDev_ProgramDev2_GPT4o_0_scored.json,ChatDev_ProgramDev2_GPT4o_0,0.0,0,94,14,0.9712312432399629,0.28283011061990815,1.3440409951135022e-08,0.04364816732665387,0.2587287072823977,0.3818901751405973,0.25724807428480434,-0.20212765957446815,-0.21276595744680848,-0.276595744680851,0.6481481470198902,0.6226415083296547,0.5357142848150511,0.4574468085106383,0.43617021276595747,0.425531914893617,0.40425531914893614,0.40425531914893614,0.3829787234042553,0.3723404255319149,0.35106382978723405,0.3191489361702128,0.5425531914893617,0.5638297872340425,0.574468085106383,0.5957446808510638,0.5957446808510638,0.6170212765957447,0.6276595744680851,0.648936170212766,0.6808510638297872,0.999999970984299,0.3947356919354849,1.3440409951135022e-08,2.327216288815249e-05,0.000975666130271328,0.04742588035042488,0.9844316853749678,0.9999970335225543,0.45252308040403366
ChatDev_ProgramDev2_GPT4o_13_scored.json,ChatDev_ProgramDev2_GPT4o_13,0.0,0,106,13,0.7988140130205499,0.31706213683840084,9.237449661970594e-09,0.014462954035017015,0.34166195023761764,0.3957836655053297,0.2569514115527046,-0.29245283018867924,-0.3018867924528302,-0.3773584905660377,0.5156249991459961,0.49206349123557575,0.4202898544268011,0.4528301886792453,0.4056603773584906,0.39622641509433965,0.3584905660377358,0.3490566037735849,0.3113207547169811,0.3113207547169811,0.29245283018867924,0.27358490566037735,0.5471698113207547,0.5943396226415094,0.6037735849056604,0.6415094339622641,0.6509433962264151,0.6886792452830188,0.6886792452830188,0.7075471698113207,0.7264150943396226,0.9999999519886499,0.35548958630444605,9.237449661970594e-09,1.1568555659672165e-05,0.0002611902975925828,0.023649221354528717,0.9807659652672206,0.9999864619732599,0.43590947722395024
ChatDev_ProgramDev2_GPT4o_14_scored.json,ChatDev_ProgramDev2_GPT4o_14,0.0,0,113,13,0.6667457771171316,0.2056556350730583,3.2241867372567335e-08,7.39629330623281e-05,0.11906027042309231,0.32633173730640025,0.2223911834344346,-0.5929203539823009,-0.6283185840707964,-0.672566371681416,0.22988505717267804,0.18390804573814243,0.15555555536024693,0.23008849557522124,0.23008849557522124,0.23008849557522124,0.21238938053097345,0.20353982300884957,0.18584070796460178,0.17699115044247787,0.1415929203539823,0.12389380530973451,0.7699115044247787,0.7699115044247787,0.7699115044247787,0.7876106194690266,0.7964601769911505,0.8141592920353983,0.8230088495575221,0.8584070796460177,0.8761061946902655,0.9999986091166121,0.195470744524452,3.2241867372567335e-08,1.8603393828019845e-06,4.539785156619626e-05,0.0011695103074966034,0.07585819714278708,0.962673070427456,0.35743233572280464
ChatDev_ProgramDev2_GPT4o_16_scored.json,ChatDev_ProgramDev2_GPT4o_16,0.0,0,100,13,0.5481469563393226,0.1932915591114397,1.522997974471263e-08,0.0002668832529140831,0.17563499141876032,0.33334751040831195,0.18378618184167317,-0.5,-0.5499999999999999,-0.62,0.3055555551311729,0.23611111078317903,0.17333333310222224,0.3,0.28,0.28,0.27,0.25,0.24,0.22,0.17,0.13,0.7,0.72,0.72,0.73,0.75,0.76,0.78,0.83,0.87,0.9999993241942207,0.2376020909165945,1.522997974471263e-08,7.390569383498026e-06,4.539785156619626e-05,0.004070137939983506,0.4533676413689768,0.9535839842383641,0.37831205037628163
ChatDev_ProgramDev2_GPT4o_1_scored.json,ChatDev_ProgramDev2_GPT4o_1,0.0,0,152,18,0.6837685390703041,0.3134402997895662,3.2241867372567335e-08,0.05287049121010566,0.2556592306593993,0.569985618425613,0.24281904639442609,-0.2368421052631579,-0.2302631578947369,-0.31578947368421056,0.5909090898884298,0.5833333322777777,0.48936170133635126,0.4868421052631579,0.4473684210526316,0.42105263157894735,0.40131578947368424,0.3815789473684211,0.375,0.34210526315789475,0.3223684210526316,0.3026315789473684,0.5131578947368421,0.5526315789473685,0.5789473684210527,0.5986842105263158,0.618421052631579,0.625,0.6578947368421053,0.6776315789473685,0.6973684210526315,0.9999999356002148,0.3885445633711111,3.2241867372567335e-08,2.902312105056987e-06,0.00013753872851000136,0.05375626790761298,0.9792510167251596,0.9998685391762204,0.44341171929509915
ChatDev_ProgramDev2_GPT4o_20_scored.json,ChatDev_ProgramDev2_GPT4o_20,0.0,0,112,14,0.8387758388899317,0.2231702869776568,3.2241867372567335e-08,1.188858047227835e-06,0.07899429462473959,0.43113221541486374,0.2606077055488445,-0.33928571428571436,-0.33035714285714285,-0.4285714285714286,0.47222222148765425,0.47887323868121406,0.3684210520886427,0.375,0.36607142857142855,0.35714285714285715,0.33035714285714285,0.32142857142857145,0.32142857142857145,0.30357142857142855,0.30357142857142855,0.25,0.625,0.6339285714285714,0.6428571428571429,0.6696428571428571,0.6785714285714286,0.6785714285714286,0.6964285714285714,0.6964285714285714,0.75,0.9999997214122732,0.3256240141718363,3.2241867372567335e-08,4.039424372517642e-07,9.569806656872395e-06,0.009782214671109572,0.8867604251647616,0.9996667670321597,0.43499326803730154
ChatDev_ProgramDev2_GPT4o_22_scored.json,ChatDev_ProgramDev2_GPT4o_22,0.0,0,106,14,0.8043789264999784,0.17760661018121376,3.2241867372567335e-08,7.758978798466537e-06,0.00022390786902709857,0.19023181020672802,0.28949106042213313,-0.7075471698113208,-0.7075471698113208,-0.7264150943396227,0.16666666647037037,0.16666666647037037,0.144444444274321,0.1509433962264151,0.1509433962264151,0.1509433962264151,0.1509433962264151,0.1509433962264151,0.1509433962264151,0.14150943396226415,0.14150943396226415,0.12264150943396226,0.8490566037735849,0.8490566037735849,0.8490566037735849,0.8490566037735849,0.8490566037735849,0.8490566037735849,0.8584905660377359,0.8584905660377359,0.8773584905660378,0.999999833453042,0.1447989453585997,1.7257827987960214e-08,1.8553913626159784e-07,1.370956471489639e-06,2.1444937927240387e-05,0.0031726832512090877,0.9399132953033227,0.33973291935649513
ChatDev_ProgramDev2_GPT4o_23_scored.json,ChatDev_ProgramDev2_GPT4o_23,0.0,0,83,13,0.6315849292624338,0.18943423537621093,7.194133030325383e-09,0.029312229146562493,0.15113790632798388,0.25736921967899223,0.18414053161739982,-0.7108433734939759,-0.6987951807228916,-0.7590361445783133,0.14492753605755093,0.1470588233499135,0.12499999985590278,0.21686746987951808,0.18072289156626506,0.1686746987951807,0.1566265060240964,0.13253012048192772,0.12048192771084337,0.12048192771084337,0.12048192771084337,0.10843373493975904,0.7831325301204819,0.8192771084337349,0.8313253012048193,0.8433734939759037,0.8674698795180723,0.8795180722891566,0.8795180722891566,0.8795180722891566,0.891566265060241,0.9999998334541624,0.15499064985689867,7.194133030325383e-09,3.0671774752560146e-06,8.547429283479549e-05,0.002472623024627213,0.07585818400450803,0.9223212342837246,0.3177481789499584
ChatDev_ProgramDev2_GPT4o_24_scored.json,ChatDev_ProgramDev2_GPT4o_24,0.0,0,113,13,0.6768777608948695,0.2208831358881503,3.059023205018258e-07,2.2603250957489616e-06,0.26759042105196,0.3192612060137762,0.20419322408353485,-0.47787610619469023,-0.4690265486725664,-0.6017699115044248,0.30769230724654834,0.2739726023156315,0.19047619021995466,0.415929203539823,0.35398230088495575,0.30973451327433627,0.26548672566371684,0.25663716814159293,0.24778761061946902,0.21238938053097345,0.17699115044247787,0.1415929203539823,0.584070796460177,0.6460176991150443,0.6902654867256637,0.7345132743362832,0.7433628318584071,0.7522123893805309,0.7876106194690266,0.8230088495575221,0.8584070796460177,0.999999311247522,0.2688769747638298,2.382369667501818e-07,5.829127258796956e-05,0.002472623024627213,0.022977371676246788,0.5000000664042367,0.991832931059702,0.37305687966476647
ChatDev_ProgramDev2_GPT4o_25_scored.json,ChatDev_ProgramDev2_GPT4o_25,0.0,0,115,13,0.667723549186415,0.22565193448125306,1.8553913626159784e-07,4.726871627110225e-05,0.12082328069839096,0.35769418977106027,0.22552683052977548,-0.5826086956521739,-0.5739130434782609,-0.6347826086956522,0.24719101091655096,0.24137931002576302,0.21505376317493352,0.2956521739130435,0.24347826086956523,0.22608695652173913,0.20869565217391303,0.19130434782608696,0.19130434782608696,0.19130434782608696,0.1826086956521739,0.17391304347826086,0.7043478260869566,0.7565217391304347,0.7739130434782608,0.7913043478260869,0.808695652173913,0.808695652173913,0.808695652173913,0.8173913043478261,0.8260869565217391,0.9999999715416912,0.21663982698473302,1.8553913626159784e-07,1.1280841993793163e-05,4.539785156619626e-05,0.0031726831078774057,0.18242552554702196,0.9991063388547843,0.37931022687610233
ChatDev_ProgramDev2_GPT4o_26_scored.json,ChatDev_ProgramDev2_GPT4o_26,0.0,0,123,14,0.8190281496547129,0.1896175070719841,1.522997974471263e-08,0.000262330621486098,0.05753292190504316,0.35511615107997585,0.26277834985056303,-0.7154471544715447,-0.7317073170731708,-0.7560975609756098,0.1538461536642012,0.13461538445617602,0.11428571415183675,0.16260162601626016,0.15447154471544716,0.15447154471544716,0.15447154471544716,0.14634146341463414,0.14634146341463414,0.13008130081300814,0.11382113821138211,0.0975609756097561,0.8373983739837398,0.8455284552845529,0.8455284552845529,0.8455284552845529,0.8536585365853658,0.8536585365853658,0.8699186991869918,0.8861788617886179,0.9024390243902439,0.9999999065585291,0.14475172756267257,1.522997974471263e-08,4.78509457496562e-06,3.1445970523186056e-05,0.0004305571096741222,0.033319556653663124,0.8807970523830143,0.3237277554895653
ChatDev_ProgramDev2_GPT4o_28_scored.json,ChatDev_ProgramDev2_GPT4o_28,0.0,0,92,13,0.7278892562902086,0.10244518019076251,1.8553913626159784e-07,6.144171336422507e-06,2.2981657184921044e-05,0.15272399250813404,0.1973416734076372,-0.8152173913043478,-0.8260869565217391,-0.8369565217391305,0.08536585356276027,0.07317073162522308,0.07228915654637828,0.13043478260869565,0.10869565217391304,0.10869565217391304,0.10869565217391304,0.09782608695652174,0.07608695652173914,0.07608695652173914,0.06521739130434782,0.06521739130434782,0.8695652173913043,0.8913043478260869,0.8913043478260869,0.8913043478260869,0.9021739130434783,0.9239130434782609,0.9239130434782609,0.9347826086956522,0.9347826086956522,0.999999635748987,0.09544458572674226,8.764248219443636e-08,1.9080891931045623e-07,7.855445945696697e-07,1.907317600812566e-05,0.0008246303292579707,0.4122837532580842,0.263467997401805
ChatDev_ProgramDev2_GPT4o_29_scored.json,ChatDev_ProgramDev2_GPT4o_29,0.0,0,143,14,0.7490160315475101,0.3350730803983579,5.3157852544244216e-08,0.036187999721463054,0.46099431221982334,0.5453493723735081,0.27363008292195645,-0.4755244755244755,-0.46153846153846145,-0.5174825174825175,0.34615384567788465,0.3465346529747084,0.3084112145410953,0.3076923076923077,0.2937062937062937,0.2727272727272727,0.2517482517482518,0.2517482517482518,0.2517482517482518,0.2517482517482518,0.24475524475524477,0.23076923076923078,0.6923076923076923,0.7062937062937062,0.7272727272727273,0.7482517482517482,0.7482517482517482,0.7482517482517482,0.7482517482517482,0.7552447552447552,0.7692307692307693,0.9999997756262935,0.264510645008706,5.3157852544244216e-08,8.315279260963632e-07,7.88926463665814e-06,0.0011695103074966034,0.5490606154291163,0.9995896833347276,0.41946352617558824
ChatDev_ProgramDev2_GPT4o_2_scored.json,ChatDev_ProgramDev2_GPT4o_2,0.0,0,123,14,0.7970428575984898,0.3288905738591036,4.363462252943702e-09,0.160325808846357,0.27290189962539885,0.4963093486489454,0.24694872775108154,-0.2113821138211382,-0.2113821138211382,-0.3089430894308944,0.6285714274669388,0.5999999988646154,0.486486485677867,0.5040650406504065,0.4715447154471545,0.43089430894308944,0.4146341463414634,0.3983739837398374,0.36585365853658536,0.35772357723577236,0.3170731707317073,0.2926829268292683,0.4959349593495935,0.5284552845528455,0.5691056910569106,0.5853658536585366,0.6016260162601627,0.6341463414634146,0.6422764227642277,0.6829268292682927,0.7073170731707317,1.0,0.39202579684172184,4.363462252943702e-09,2.422720099167727e-05,0.0006312244315425956,0.119202940938512,0.9576235439705088,0.9999519624468136,0.4369856462851108
ChatDev_ProgramDev2_GPT4o_34_scored.json,ChatDev_ProgramDev2_GPT4o_34,0.0,0,101,13,0.7618430841958391,0.20936383818636375,4.139937718785167e-08,0.0001630795290828566,0.007902829387181355,0.34225785636279776,0.2693081141357169,-0.5841584158415842,-0.5841584158415842,-0.6237623762376238,0.24358974327432611,0.24358974327432611,0.21249999973171876,0.25742574257425743,0.22772277227722773,0.22772277227722773,0.2079207920792079,0.2079207920792079,0.18811881188118812,0.18811881188118812,0.18811881188118812,0.16831683168316833,0.7425742574257426,0.7722772277227723,0.7722772277227723,0.7920792079207921,0.7920792079207921,0.8118811881188119,0.8118811881188119,0.8118811881188119,0.8316831683168316,0.999999876904263,0.21211912622069537,4.139937718785167e-08,4.78509457496562e-06,4.539785156619626e-05,0.001501181950907551,0.1480472395730759,0.9998414978896515,0.377029800389808
ChatDev_ProgramDev2_GPT4o_4_scored.json,ChatDev_ProgramDev2_GPT4o_4,0.0,0,108,14,0.7755614689636747,0.3490688025369136,3.2241867372567335e-08,0.1848321107072573,0.3263866164679625,0.511156716076324,0.24794328653325126,-0.26851851851851855,-0.2685185185185185,-0.3796296296296296,0.5396825387573696,0.5322580635889699,0.41428571364653066,0.4537037037037037,0.42592592592592593,0.4166666666666667,0.4074074074074074,0.35185185185185186,0.32407407407407407,0.3148148148148148,0.3055555555555556,0.26851851851851855,0.5462962962962963,0.5740740740740741,0.5833333333333334,0.5925925925925926,0.6481481481481481,0.6759259259259259,0.6851851851851852,0.6944444444444444,0.7314814814814815,0.9999999068634337,0.3630772825080128,3.2241867372567335e-08,2.7535687796947383e-05,0.0009110514045295695,0.04870676991505456,0.9312498912817759,0.9995979308034895,0.43091184826905016
ChatDev_ProgramDev2_GPT4o_50_scored.json,ChatDev_ProgramDev2_GPT4o_50,0.0,0,135,14,0.8051109494901613,0.34277057426827934,3.2241867372567335e-08,7.548646061418966e-05,0.3965551582216308,0.654841498701619,0.3093053525544591,-0.4074074074074074,-0.3777777777777778,-0.4666666666666667,0.4021739124533318,0.40697674354718766,0.33684210478448756,0.37037037037037035,0.362962962962963,0.31851851851851853,0.2962962962962963,0.2962962962962963,0.2814814814814815,0.2740740740740741,0.25925925925925924,0.23703703703703705,0.6296296296296297,0.6370370370370371,0.6814814814814815,0.7037037037037037,0.7037037037037037,0.7185185185185186,0.725925925925926,0.7407407407407407,0.762962962962963,0.9999999534626116,0.3020424717430922,3.2241867372567335e-08,3.2320428454550405e-06,2.1444937927240387e-05,0.00669285192889547,0.8807970104134211,0.9999155657485398,0.42237736408615156
ChatDev_ProgramDev2_GPT4o_74_scored.json,ChatDev_ProgramDev2_GPT4o_74,0.0,0,133,16,0.9890129381130018,0.2039630103674443,8.152020714470167e-09,2.613435520461063e-05,0.0010559605523952165,0.34874301879681135,0.3055669181637051,-0.7894736842105263,-0.7744360902255639,-0.8421052631578947,0.1025641024475126,0.104347825966276,0.07438016520749949,0.15789473684210525,0.13533834586466165,0.12030075187969924,0.09022556390977443,0.09022556390977443,0.09022556390977443,0.09022556390977443,0.09022556390977443,0.06766917293233082,0.8421052631578947,0.8646616541353384,0.8796992481203008,0.9097744360902256,0.9097744360902256,0.9097744360902256,0.9097744360902256,0.9097744360902256,0.9323308270676691,0.9999898481825872,0.10572272454742926,8.152020714470167e-09,6.47594599989589e-07,3.7266389560521204e-06,2.7535687796947383e-05,0.003172683353266103,0.3661967978733428,0.2746774683275998
ChatDev_ProgramDev2_GPT4o_90_scored.json,ChatDev_ProgramDev2_GPT4o_90,0.0,0,117,13,0.6984488659920949,0.33756191269115626,1.3440409951135022e-08,0.0028604661710076775,0.3742722537738632,0.6665797740739259,0.2960420312483198,-0.5128205128205128,-0.5213675213675214,-0.6153846153846154,0.29411764665397927,0.27380952342814624,0.20879120852276295,0.3162393162393162,0.28205128205128205,0.27350427350427353,0.2222222222222222,0.2222222222222222,0.2222222222222222,0.21367521367521367,0.19658119658119658,0.1623931623931624,0.6837606837606838,0.717948717948718,0.7264957264957265,0.7777777777777778,0.7777777777777778,0.7777777777777778,0.7863247863247863,0.8034188034188035,0.8376068376068376,0.9999999364836462,0.23856761286385822,1.3440409951135022e-08,2.2603250957489616e-06,1.3007123989067183e-05,0.004070137939983506,0.3208213272094748,0.9995638004352123,0.38655088063628024
ChatDev_ProgramDev2_GPT4o_99_scored.json,ChatDev_ProgramDev2_GPT4o_99,0.0,0,194,20,0.3918763483515061,0.11038374839535171,3.2241867372567335e-08,2.934606385125149e-05,0.008632842964722418,0.20031801126328108,0.13196203268050175,-0.8195876288659795,-0.8247422680412372,-0.8556701030927835,0.08092485540058136,0.07514450858625413,0.06214689258725143,0.1134020618556701,0.10824742268041238,0.10824742268041238,0.0979381443298969,0.08762886597938144,0.07731958762886598,0.07216494845360824,0.06701030927835051,0.05670103092783505,0.8865979381443299,0.8917525773195877,0.8917525773195877,0.9020618556701031,0.9123711340206185,0.9226804123711341,0.9278350515463918,0.9329896907216495,0.9432989690721649,0.9999996568876697,0.0886564033756201,1.9555681087850496e-08,3.059023205018258e-07,1.370956471489639e-06,1.907317600812566e-05,0.00070967033651176,0.3605249059737792,0.2580019111213455
ChatDev_ProgramDev2_GPT4o_9_scored.json,ChatDev_ProgramDev2_GPT4o_9,0.0,0,131,14,0.6231518293099773,0.22922909618883822,3.2241867372567335e-08,0.0002604530153381893,0.05924210309664361,0.5053619461086117,0.2555812141443987,-0.41984732824427484,-0.41984732824427484,-0.450381679389313,0.3749999994417613,0.36781609140018495,0.34444444394308643,0.35877862595419846,0.33587786259541985,0.3282442748091603,0.31297709923664124,0.31297709923664124,0.2824427480916031,0.25190839694656486,0.24427480916030533,0.2366412213740458,0.6412213740458015,0.6641221374045801,0.6717557251908397,0.6870229007633588,0.6870229007633588,0.7175572519083969,0.7480916030534351,0.7557251908396947,0.7633587786259542,0.9999998951331075,0.29568004569099704,3.2241867372567335e-08,1.7603429545652396e-06,3.1445970523186056e-05,0.00669285201739655,0.7282393017320877,0.9947798666233298,0.41653412301694215
ChatDev_ProgramDev_GPT4o_0_scored.json,ChatDev_ProgramDev_GPT4o_0,0.0,0,149,13,0.9699428626412135,0.35295327295100126,5.043471815847051e-07,0.00558443363532634,0.35219170850758147,0.45473782327049195,0.34055570208310726,-0.6442953020134229,-0.6577181208053691,-0.6912751677852349,0.20661156999351138,0.18333333310569447,0.16935483850617844,0.24161073825503357,0.19463087248322147,0.18791946308724833,0.174496644295302,0.16778523489932887,0.16778523489932887,0.16778523489932887,0.1476510067114094,0.14093959731543623,0.7583892617449665,0.8053691275167785,0.8120805369127517,0.825503355704698,0.8322147651006712,0.8322147651006712,0.8322147651006712,0.8523489932885906,0.8590604026845637,0.9999996565089904,0.1789794466158266,6.82560337633487e-08,7.947412608750085e-07,3.7266389560521204e-06,0.0002611902975925828,0.07585819196500916,0.9642759374563548,0.3526135193377555
ChatDev_ProgramDev_GPT4o_13_scored.json,ChatDev_ProgramDev_GPT4o_13,0.0,0,164,13,0.5018411260143881,0.10520551375538774,8.152020714470167e-09,2.547201976947694e-05,9.610239492660866e-05,0.15840732787440945,0.16272448115086302,-0.8170731707317074,-0.8292682926829269,-0.8719512195121951,0.08843537405099727,0.07482993188930538,0.04666666661564445,0.11585365853658537,0.10365853658536585,0.10365853658536585,0.0975609756097561,0.08536585365853659,0.07926829268292683,0.07926829268292683,0.06707317073170732,0.042682926829268296,0.8841463414634146,0.8963414634146342,0.8963414634146342,0.9024390243902439,0.9146341463414634,0.9207317073170732,0.9207317073170732,0.9329268292682927,0.9573170731707317,0.9999997656311983,0.08770684544126998,8.152020714470167e-09,3.927863545481039e-07,2.135329560453031e-06,1.907317600812566e-05,0.002063206445711046,0.27930257576473294,0.2519491948405077
ChatDev_ProgramDev_GPT4o_14_scored.json,ChatDev_ProgramDev_GPT4o_14,0.0,0,142,15,0.9255208595816402,0.2960945653874128,6.82560337633487e-08,0.04638224974509407,0.21439667474506408,0.5131349890266652,0.2827317628860604,-0.5281690140845071,-0.5422535211267605,-0.6408450704225351,0.2574257422123321,0.22222222190347923,0.18018017994967944,0.3380281690140845,0.3028169014084507,0.2887323943661972,0.2323943661971831,0.21830985915492956,0.19718309859154928,0.18309859154929578,0.15492957746478872,0.14084507042253522,0.6619718309859155,0.6971830985915493,0.7112676056338029,0.7676056338028169,0.7816901408450704,0.8028169014084507,0.8169014084507042,0.8450704225352113,0.8591549295774648,0.9999938159938443,0.23778481656732828,6.82560337633487e-08,1.0129987330277146e-05,0.00070967033651176,0.03732688243084875,0.36336084996383167,0.9626730905675178,0.3573710434493101
ChatDev_ProgramDev_GPT4o_16_scored.json,ChatDev_ProgramDev_GPT4o_16,0.0,0,138,13,0.9738881153015954,0.2681177119119033,9.931194312156244e-08,0.029312230647422503,0.07513266313386328,0.38383837276431504,0.3223553255061065,-0.7463768115942029,-0.7536231884057971,-0.7971014492753623,0.11206896538391797,0.09565217379826087,0.09090909080540946,0.18840579710144928,0.16666666666666666,0.15942028985507245,0.13043478260869565,0.12318840579710146,0.11594202898550725,0.09420289855072464,0.07971014492753623,0.07971014492753623,0.8115942028985508,0.8333333333333334,0.8405797101449275,0.8695652173913043,0.8768115942028986,0.8840579710144928,0.9057971014492754,0.9202898550724637,0.9202898550724637,0.999999875746659,0.13243281124312126,9.931194312156244e-08,1.0129987330277146e-05,7.484619074298232e-05,0.0019267342527389902,0.04490113146581724,0.6394751918399714,0.29151466880666177
ChatDev_ProgramDev_GPT4o_1_scored.json,ChatDev_ProgramDev_GPT4o_1,0.0,0,177,13,0.6395066446774818,0.25218918498737214,1.0130507038284886e-05,3.535625324942473e-05,0.19539825168027594,0.5011570553822596,0.24914040750550676,-0.7231638418079096,-0.7175141242937854,-0.7344632768361582,0.15231788061615717,0.1476510065360119,0.13907284751910004,0.1807909604519774,0.15819209039548024,0.14689265536723164,0.14689265536723164,0.14689265536723164,0.14124293785310735,0.12994350282485875,0.12429378531073447,0.11864406779661017,0.8192090395480226,0.8418079096045198,0.8531073446327684,0.8531073446327684,0.8531073446327684,0.8587570621468926,0.8700564971751412,0.8757062146892656,0.8813559322033898,0.999999311286509,0.14750206690953244,6.82560337633487e-08,5.043471815847051e-07,2.902312105056987e-06,2.7535687796947383e-05,0.014063627480306394,0.9907306053690885,0.33306891613429496
ChatDev_ProgramDev_GPT4o_20_scored.json,ChatDev_ProgramDev_GPT4o_20,0.0,0,139,13,0.9996645501135633,0.46342291001043356,7.88926463665814e-06,0.23184457562440727,0.39440224431296117,0.8947291434511537,0.3589216373382093,-0.3741007194244604,-0.3669064748201439,-0.4316546762589928,0.4222222215701235,0.41379310278715814,0.3617021271247171,0.381294964028777,0.37410071942446044,0.35251798561151076,0.3237410071942446,0.3237410071942446,0.2949640287769784,0.2733812949640288,0.2589928057553957,0.2446043165467626,0.6187050359712231,0.6258992805755396,0.6474820143884892,0.6762589928057554,0.6762589928057554,0.7050359712230215,0.7266187050359713,0.7410071942446043,0.7553956834532374,0.9999999365530021,0.3117979286037775,6.023573837886479e-08,7.540245976611014e-06,3.535625324942473e-05,0.006692852117681412,0.8491857717698519,0.999490678757532,0.4216990998838103
ChatDev_ProgramDev_GPT4o_22_scored.json,ChatDev_ProgramDev_GPT4o_22,0.0,0,158,14,0.9659846098090501,0.30759850223492147,3.989398813561625e-06,0.0008942314596654939,0.1993489099160478,0.5030898776009494,0.3321516406610529,-0.7215189873417721,-0.7215189873417722,-0.7531645569620253,0.12977099220989455,0.12307692292733727,0.1119402983754734,0.189873417721519,0.17721518987341772,0.17088607594936708,0.15822784810126583,0.1518987341772152,0.11392405063291139,0.10759493670886076,0.10126582278481013,0.0949367088607595,0.810126582278481,0.8227848101265823,0.8291139240506329,0.8417721518987342,0.8481012658227848,0.8860759493670886,0.8924050632911392,0.8987341772151899,0.9050632911392406,0.9999998966945451,0.14254823643702208,5.602796437537268e-09,2.382369667501818e-07,1.143516361717442e-06,1.6701414089010932e-05,0.021729581859729858,0.7996957774872564,0.31191522311210623
ChatDev_ProgramDev_GPT4o_23_scored.json,ChatDev_ProgramDev_GPT4o_23,0.0,0,152,14,0.6344698123496239,0.23492740283136768,3.2241867372567335e-08,9.116838348702115e-06,0.17859287736096596,0.448123230204564,0.24367461871271878,-0.743421052631579,-0.7302631578947368,-0.7631578947368421,0.13076923061633136,0.13281249984228516,0.12121212107254362,0.17105263157894737,0.15789473684210525,0.14473684210526316,0.13815789473684212,0.13157894736842105,0.125,0.1118421052631579,0.1118421052631579,0.10526315789473684,0.8289473684210527,0.8421052631578947,0.8552631578947368,0.8618421052631579,0.868421052631579,0.875,0.8881578947368421,0.8881578947368421,0.8947368421052632,0.9999998672747303,0.13299430293271391,3.2241867372567335e-08,1.8553913626159784e-07,6.11782745388368e-07,5.464632955694063e-06,0.002063206445711046,0.9340016311980777,0.3168699589661265
ChatDev_ProgramDev_GPT4o_24_scored.json,ChatDev_ProgramDev_GPT4o_24,0.0,0,137,13,0.9314505042030555,0.33295309428535796,5.172492266574156e-07,0.04279612348708176,0.41958709100281133,0.5089930864543036,0.27572012250807215,-0.5182481751824818,-0.5182481751824818,-0.5766423357664233,0.2899999996027,0.27551020369648066,0.23300970842793858,0.31386861313868614,0.2846715328467153,0.27007299270072993,0.26277372262773724,0.24817518248175183,0.23357664233576642,0.2116788321167883,0.19708029197080293,0.17518248175182483,0.6861313868613139,0.7153284671532847,0.7299270072992701,0.7372262773722628,0.7518248175182481,0.7664233576642335,0.7883211678832117,0.8029197080291971,0.8248175182481752,0.9999999598083352,0.24686546598067738,6.023573837886479e-08,1.370956471489639e-06,1.6701414089010932e-05,0.002472623024627213,0.43782353613364516,0.9899767957741175,0.39097037183757916
ChatDev_ProgramDev_GPT4o_25_scored.json,ChatDev_ProgramDev_GPT4o_25,0.0,0,171,13,0.7613327740837449,0.2023221766263318,4.78509457496562e-06,4.539785156619626e-05,0.0008523044965254795,0.31474635590969724,0.27501437483830826,-0.7836257309941521,-0.7894736842105263,-0.7894736842105263,0.11258278132945923,0.10596026478066752,0.10596026478066752,0.1286549707602339,0.11695906432748537,0.11695906432748537,0.11695906432748537,0.11695906432748537,0.1111111111111111,0.09941520467836257,0.0935672514619883,0.0935672514619883,0.8713450292397661,0.8830409356725146,0.8830409356725146,0.8830409356725146,0.8830409356725146,0.8888888888888888,0.9005847953216374,0.9064327485380117,0.9064327485380117,0.9999993108565858,0.11439274019344246,2.510999155743982e-08,3.059023205018258e-07,1.2193297316415077e-06,7.88926463665814e-06,0.0010402808560130866,0.6791787800222044,0.30043899366322463
ChatDev_ProgramDev_GPT4o_26_scored.json,ChatDev_ProgramDev_GPT4o_26,0.0,0,143,13,0.673347105713959,0.21230122816540867,1.8553913626159784e-07,1.2482206935044853e-05,0.0032892751628743506,0.45263578654513353,0.2544204315493889,-0.7902097902097902,-0.7762237762237761,-0.8111888111888113,0.095999999890176,0.09756097549633155,0.08661417313082027,0.15384615384615385,0.13986013986013987,0.1258741258741259,0.11188811188811189,0.11188811188811189,0.09090909090909091,0.08391608391608392,0.08391608391608392,0.07692307692307693,0.8461538461538461,0.8601398601398601,0.8741258741258742,0.8881118881118881,0.8881118881118881,0.9090909090909091,0.916083916083916,0.916083916083916,0.9230769230769231,0.9999994754502849,0.10960761191311434,4.139937718785167e-08,2.3823696675018182e-07,1.5656497130274393e-06,1.0129987330277146e-05,0.0009395903220041817,0.5000000756784737,0.28216490937797944
ChatDev_ProgramDev_GPT4o_28_scored.json,ChatDev_ProgramDev_GPT4o_28,0.0,0,159,13,0.9945061463390652,0.22687398883349555,2.4488148748424396e-06,9.10797327003753e-06,0.012645868889473576,0.36756436291502426,0.32747036553625425,-0.8113207547169812,-0.8176100628930818,-0.8427672955974843,0.09790209779324172,0.07801418430918967,0.07586206888233056,0.11949685534591195,0.11320754716981132,0.10062893081761007,0.0880503144654088,0.0880503144654088,0.0880503144654088,0.0880503144654088,0.06918238993710692,0.06918238993710692,0.8805031446540881,0.8867924528301887,0.89937106918239,0.9119496855345912,0.9119496855345912,0.9119496855345912,0.9119496855345912,0.9308176100628931,0.9308176100628931,0.9999992992316097,0.0922867354866511,5.3157852544244216e-08,1.8553913626159784e-07,4.485667680664045e-07,4.78509457496562e-06,0.000163410832398918,0.2906612942821983,0.2685421130120255
ChatDev_ProgramDev_GPT4o_29_scored.json,ChatDev_ProgramDev_GPT4o_29,0.0,0,114,13,0.8930566758155823,0.21415781684139656,4.139937718785167e-08,7.719756936372565e-06,0.12407694704520206,0.33568714056351223,0.2716536205025274,-0.7017543859649122,-0.6754385964912281,-0.7192982456140351,0.14893617003214124,0.14444444426148148,0.13684210509894737,0.2631578947368421,0.21052631578947367,0.17543859649122806,0.16666666666666666,0.16666666666666666,0.15789473684210525,0.12280701754385964,0.11403508771929824,0.11403508771929824,0.7368421052631579,0.7894736842105263,0.8245614035087719,0.8333333333333334,0.8333333333333334,0.8421052631578947,0.8771929824561403,0.8859649122807017,0.8859649122807017,0.9999998857387276,0.17646057975443596,2.215948977336598e-08,4.044175641726171e-06,0.0003353500342255387,0.00978221368206018,0.11920293099157331,0.9937726484374051,0.33152669020575276
ChatDev_ProgramDev_GPT4o_2_scored.json,ChatDev_ProgramDev_GPT4o_2,0.0,0,140,14,0.9995082650883473,0.22047840524178808,4.139937718785167e-08,4.982835207772267e-05,0.0017615371415265106,0.27056339146868713,0.3209290686865904,-0.7214285714285714,-0.7214285714285714,-0.7785714285714285,0.15126050402372712,0.13675213658850172,0.09166666655972223,0.16428571428571428,0.16428571428571428,0.15,0.14285714285714285,0.14285714285714285,0.14285714285714285,0.12857142857142856,0.11428571428571428,0.07857142857142857,0.8357142857142857,0.8357142857142857,0.85,0.8571428571428571,0.8571428571428571,0.8571428571428571,0.8714285714285714,0.8857142857142857,0.9214285714285714,0.9999970344112232,0.14246359496514757,4.139937718785167e-08,3.927863545481039e-07,2.7418153527299806e-06,6.656873166547593e-05,0.03732688540224157,0.8519528153096617,0.31796065861718453
ChatDev_ProgramDev_GPT4o_4_scored.json,ChatDev_ProgramDev_GPT4o_4,0.0,0,178,16,0.719063691186519,0.2871625380423533,1.7257827987960214e-08,0.028005140058117738,0.23348559898239077,0.43261661006791663,0.24913718963915504,-0.5112359550561798,-0.5112359550561798,-0.601123595505618,0.2834645665318371,0.25409836028500404,0.2074074071339369,0.3258426966292135,0.3146067415730337,0.28651685393258425,0.2640449438202247,0.24157303370786518,0.21910112359550563,0.20224719101123595,0.17415730337078653,0.15730337078651685,0.6741573033707865,0.6853932584269663,0.7134831460674157,0.7359550561797753,0.7584269662921348,0.7808988764044944,0.797752808988764,0.8258426966292135,0.8426966292134831,0.9999998982580742,0.24440269350536337,1.7257827987960214e-08,1.370956471489639e-06,1.7887295048568297e-05,0.004645131904216686,0.4378235195726808,0.9796967338319273,0.3779197413269154
ChatDev_ProgramDev_GPT4o_9_scored.json,ChatDev_ProgramDev_GPT4o_9,0.0,0,143,13,0.6343029901743298,0.21817502836356947,5.043471815847051e-07,0.007591813427251967,0.17061732240782349,0.35184961898402234,0.22704332480590483,-0.6573426573426573,-0.6573426573426573,-0.6853146853146854,0.18260869542510397,0.17543859627116037,0.16239316219468186,0.2097902097902098,0.20279720279720279,0.1958041958041958,0.18181818181818182,0.18181818181818182,0.16783216783216784,0.14685314685314685,0.13986013986013987,0.13286713286713286,0.7902097902097902,0.7972027972027972,0.8041958041958042,0.8181818181818182,0.8181818181818182,0.8321678321678322,0.8531468531468531,0.8601398601398601,0.8671328671328671,0.9999996164008671,0.17987975934257922,4.363462252943702e-09,3.535625324942473e-05,0.00020342704214340812,0.0031726831078774057,0.05375627190034479,0.9912284122126308,0.3496769841433516
ChatDev_ProgramDev2_GPT4o_18_scored.json,ChatDev_ProgramDev2_GPT4o_18,2.6,1,138,14,0.8144877464956469,0.2160633570472665,3.2241867372567335e-08,6.065184532601513e-05,0.15909381036024206,0.3538289202163985,0.237726321465222,-0.5217391304347827,-0.5,-0.6014492753623188,0.28712871247897265,0.2812499995957032,0.20952380924843536,0.32608695652173914,0.30434782608695654,0.26811594202898553,0.2463768115942029,0.2391304347826087,0.21739130434782608,0.21014492753623187,0.1956521739130435,0.15942028985507245,0.6739130434782609,0.6956521739130435,0.7318840579710145,0.7536231884057971,0.7608695652173914,0.782608695652174,0.7898550724637681,0.8043478260869565,0.8405797101449275,0.9999998851481972,0.2416572309517123,3.2241867372567335e-08,1.7603429545652396e-06,1.7887295048568297e-05,0.001501181950907551,0.37754069804933976,0.9951248358680046,0.3860519388107781
ChatDev_ProgramDev2_GPT4o_27_scored.json,ChatDev_ProgramDev2_GPT4o_27,2.6,1,132,13,0.8620189190222943,0.40735141935483576,3.059023205018258e-07,0.13872486138230083,0.3561231434568949,0.6945803267614948,0.3060115828024877,-0.38636363636363635,-0.4015151515151515,-0.4545454545454546,0.41379310282045184,0.39080459710820453,0.34782608645746693,0.3484848484848485,0.3409090909090909,0.3409090909090909,0.3181818181818182,0.30303030303030304,0.2803030303030303,0.2727272727272727,0.25757575757575757,0.24242424242424243,0.6515151515151515,0.6590909090909091,0.6590909090909091,0.6818181818181818,0.696969696969697,0.7196969696969697,0.7272727272727273,0.7424242424242424,0.7575757575757576,0.9999999717303104,0.30048147169385403,1.4449802461092448e-07,4.039424372517642e-07,3.7266389560521204e-06,0.0001809316416212079,0.8591638856268853,0.9984562236095437,0.42358252989595757
ChatDev_ProgramDev2_GPT4o_31_scored.json,ChatDev_ProgramDev2_GPT4o_31,2.6,1,76,13,0.5395364026177406,0.1588412879807788,2.2603250957489616e-06,0.006692852506000973,0.03793095703706754,0.26460381432997193,0.18531794154300132,-0.618421052631579,-0.5921052631578947,-0.631578947368421,0.22950819643536682,0.23728813528756104,0.22580645133610822,0.2631578947368421,0.2236842105263158,0.19736842105263158,0.18421052631578946,0.18421052631578946,0.18421052631578946,0.18421052631578946,0.18421052631578946,0.18421052631578946,0.7368421052631579,0.7763157894736842,0.8026315789473685,0.8157894736842105,0.8157894736842105,0.8157894736842105,0.8157894736842105,0.8157894736842105,0.8157894736842105,0.9999998848697519,0.20837831711785224,8.764248219443636e-08,2.993482025900541e-06,0.0002467494837302891,0.005956488943481732,0.14804722071080612,0.9984088043365311,0.37633091500443555
ChatDev_ProgramDev2_GPT4o_32_scored.json,ChatDev_ProgramDev2_GPT4o_32,2.6,1,111,14,0.7063980278529791,0.22317969681821026,3.2241867372567335e-08,0.0005839570561161587,0.08369214455776462,0.4396794990694753,0.2524532808843415,-0.4144144144144144,-0.39639639639639634,-0.4504504504504504,0.39473684152873967,0.40540540479729736,0.36708860707915403,0.35135135135135137,0.3333333333333333,0.3153153153153153,0.2972972972972973,0.2882882882882883,0.27927927927927926,0.2702702702702703,0.2702702702702703,0.26126126126126126,0.6486486486486487,0.6666666666666666,0.6846846846846847,0.7027027027027027,0.7117117117117117,0.7207207207207207,0.7297297297297297,0.7297297297297297,0.7387387387387387,0.9999991179691787,0.2955914108130085,3.2241867372567335e-08,2.2603250957489616e-06,5.829127258796956e-05,0.0019267342527389902,0.9286122761121403,0.9996645264836314,0.4322741866097288
ChatDev_ProgramDev2_GPT4o_35_scored.json,ChatDev_ProgramDev2_GPT4o_35,2.6,1,86,15,0.731058533192838,0.20928519488507694,1.9555681087850496e-08,9.005369252803217e-05,0.09827803350864461,0.34106847029866466,0.24596561741302234,-0.7093023255813954,-0.6976744186046512,-0.7674418604651163,0.1527777775952932,0.14285714268163266,0.10810810798246896,0.22093023255813954,0.18604651162790697,0.16279069767441862,0.16279069767441862,0.13953488372093023,0.13953488372093023,0.12790697674418605,0.11627906976744186,0.09302325581395349,0.7790697674418605,0.813953488372093,0.8372093023255814,0.8372093023255814,0.8604651162790697,0.8604651162790697,0.872093023255814,0.8837209302325582,0.9069767441860465,0.9999999202416662,0.1554154940298125,1.9555681087850496e-08,2.0103340251571006e-06,1.6701414089010932e-05,0.0004916678181237767,0.07585818743517903,0.8347636686449205,0.3150939018613881
ChatDev_ProgramDev2_GPT4o_36_scored.json,ChatDev_ProgramDev2_GPT4o_36,2.6,1,104,14,0.686663385000564,0.24701606607691226,6.82560337633487e-08,0.03138154497674374,0.1946629712307726,0.3875260390759535,0.22586141943803617,-0.6826923076923077,-0.6923076923076923,-0.7403846153846154,0.16470588215141868,0.1529411762834602,0.12499999985227273,0.21153846153846154,0.18269230769230768,0.18269230769230768,0.15384615384615385,0.15384615384615385,0.14423076923076922,0.1346153846153846,0.125,0.10576923076923077,0.7884615384615384,0.8173076923076923,0.8173076923076923,0.8461538461538461,0.8461538461538461,0.8557692307692307,0.8653846153846154,0.875,0.8942307692307693,0.9999999348800485,0.1615485154750477,6.82560337633487e-08,5.829127258796956e-05,0.0002611902975925828,0.0019267342527389902,0.060086655242712825,0.8974944844626311,0.3296541977000434
ChatDev_ProgramDev2_GPT4o_37_scored.json,ChatDev_ProgramDev2_GPT4o_37,2.6,1,134,14,0.7649307259207468,0.24203805823214267,3.2241867372567335e-08,0.01641080074138421,0.17841490590130926,0.30483965230448423,0.2512394442774015,-0.46268656716417916,-0.4402985074626865,-0.4925373134328358,0.34736842056265926,0.3516483511305398,0.32653061179841736,0.35074626865671643,0.3208955223880597,0.291044776119403,0.27611940298507465,0.26865671641791045,0.2537313432835821,0.2462686567164179,0.23880597014925373,0.23880597014925373,0.6492537313432836,0.6791044776119403,0.7089552238805971,0.7238805970149254,0.7313432835820896,0.746268656716418,0.753731343283582,0.7611940298507462,0.7611940298507462,0.9999999204188665,0.28161613861482987,3.2241867372567335e-08,1.7603429545652396e-06,2.2967625394667136e-05,0.004645131904216686,0.6073886359089246,0.9999951522647716,0.41912538244830444
ChatDev_ProgramDev2_GPT4o_45_scored.json,ChatDev_ProgramDev2_GPT4o_45,2.6,1,119,14,0.5002244814349412,0.14262119122295525,1.186112015134383e-08,1.8111736766915814e-05,0.05607780809878898,0.27883301881533923,0.1689502427634761,-0.6470588235294118,-0.6470588235294118,-0.6974789915966386,0.1720430105325471,0.1720430105325471,0.14432989673015198,0.23529411764705882,0.2184873949579832,0.2184873949579832,0.19327731092436976,0.18487394957983194,0.15966386554621848,0.13445378151260504,0.13445378151260504,0.11764705882352941,0.7647058823529411,0.7815126050420168,0.7815126050420168,0.8067226890756303,0.8151260504201681,0.8403361344537815,0.865546218487395,0.865546218487395,0.8823529411764706,0.9999951948773089,0.17737358073583753,1.186112015134383e-08,2.1603286675122176e-06,1.1568555659672165e-05,0.0004305571096741222,0.023649223219385947,0.9788053563990704,0.3442937095987613
ChatDev_ProgramDev2_GPT4o_46_scored.json,ChatDev_ProgramDev2_GPT4o_46,2.6,1,135,13,0.5505892646572518,0.21787684030616603,1.3440409951135022e-08,0.0676183774035922,0.1687406499524356,0.3411029946055601,0.18718909660049868,-0.5925925925925926,-0.5777777777777777,-0.6592592592592593,0.2233009705811104,0.21999999970300005,0.17592592570601853,0.26666666666666666,0.25925925925925924,0.23703703703703705,0.2,0.2,0.18518518518518517,0.17037037037037037,0.16296296296296298,0.14074074074074075,0.7333333333333333,0.7407407407407407,0.762962962962963,0.8,0.8,0.8148148148148148,0.8296296296296296,0.837037037037037,0.8592592592592593,0.9999999069643943,0.2058566406227946,1.186112015134383e-08,2.902312105056987e-06,2.1444937927240387e-05,0.0019267342527389902,0.24582080069785728,0.9823708220674887,0.3617814843515228
ChatDev_ProgramDev2_GPT4o_55_scored.json,ChatDev_ProgramDev2_GPT4o_55,2.6,1,251,21,0.6860912575363085,0.20735156506605065,3.2241867372567335e-08,0.008577485895742138,0.031724645891831486,0.5012140521919654,0.26016158194918526,-0.6215139442231076,-0.6294820717131474,-0.6573705179282869,0.21608040173750662,0.2060301504939017,0.19117647035301327,0.250996015936255,0.20717131474103587,0.20717131474103587,0.1952191235059761,0.18725099601593626,0.1752988047808765,0.17131474103585656,0.16334661354581673,0.1553784860557769,0.749003984063745,0.7928286852589641,0.7928286852589641,0.8047808764940239,0.8127490039840638,0.8247011952191236,0.8286852589641435,0.8366533864541833,0.8446215139442231,0.9999996364248309,0.1943935357099376,3.2241867372567335e-08,7.88926463665814e-06,3.535625324942473e-05,0.001501181950907551,0.1072762050461517,0.9984988308014011,0.3671544839309622
ChatDev_ProgramDev2_GPT4o_57_scored.json,ChatDev_ProgramDev2_GPT4o_57,2.6,1,123,13,0.7797349886890542,0.19651188113286444,4.78509457496562e-06,0.021749216527233352,0.1192029375467604,0.242994959057064,0.23519931511092057,-0.8130081300813008,-0.8048780487804879,-0.8292682926829269,0.09909909898928658,0.08333333323842593,0.08108108099123447,0.16260162601626016,0.12195121951219512,0.0975609756097561,0.0975609756097561,0.0975609756097561,0.08943089430894309,0.08943089430894309,0.07317073170731707,0.07317073170731707,0.8373983739837398,0.8780487804878049,0.9024390243902439,0.9024390243902439,0.9024390243902439,0.9105691056910569,0.9105691056910569,0.926829268292683,0.926829268292683,0.9999999071607433,0.10895247713088924,8.315279260963632e-07,0.00010156084047217254,0.0005527785265734312,0.004070137939983506,0.02931223128647059,0.22270017767119815,0.2715013560073164
ChatDev_ProgramDev2_GPT4o_5_scored.json,ChatDev_ProgramDev2_GPT4o_5,2.6,1,76,13,0.7712289965931828,0.2464007282512838,1.9555681087850496e-08,5.043471815847051e-07,0.16646285863654559,0.41279014319145957,0.2527580721985421,-0.3289473684210526,-0.31578947368421045,-0.4473684210526315,0.4791666659079862,0.4666666658785186,0.3584905655236739,0.5131578947368421,0.40789473684210525,0.3684210526315789,0.3157894736842105,0.3026315789473684,0.3026315789473684,0.3026315789473684,0.27631578947368424,0.25,0.4868421052631579,0.5921052631578947,0.631578947368421,0.6842105263157895,0.6973684210526315,0.6973684210526315,0.6973684210526315,0.7236842105263158,0.75,0.9999998402913648,0.3385257930894189,1.9555681087850496e-08,4.248808903662973e-05,0.0014182640400548139,0.11920292709247196,0.8867604127663826,0.9947478971088871,0.4131912843146309
ChatDev_ProgramDev2_GPT4o_60_scored.json,ChatDev_ProgramDev2_GPT4o_60,2.6,1,159,14,0.7686526754853131,0.22845325812940406,8.51954819264261e-06,0.00011446486593099381,0.13593825850386793,0.3325909804789932,0.2599515348005093,-0.6981132075471699,-0.7044025157232705,-0.7106918238993711,0.1716417908411116,0.1641791042828024,0.1629629627710288,0.18867924528301888,0.15723270440251572,0.15723270440251572,0.1509433962264151,0.1509433962264151,0.1509433962264151,0.14465408805031446,0.13836477987421383,0.13836477987421383,0.8113207547169812,0.8427672955974843,0.8427672955974843,0.8490566037735849,0.8490566037735849,0.8490566037735849,0.8553459119496856,0.8616352201257862,0.8616352201257862,0.9999998772256979,0.15544433103935115,1.1253517471925912e-07,3.7540954773884836e-07,2.2603250957489616e-06,7.484619074298232e-05,0.020481793400051573,0.9827983421154638,0.3434994932466811
ChatDev_ProgramDev2_GPT4o_61_scored.json,ChatDev_ProgramDev2_GPT4o_61,2.6,1,126,14,0.6646413580396373,0.27433085336729557,5.3157852544244216e-08,0.00277198597546676,0.28148561066199373,0.4910040198945153,0.2443526064656859,-0.25396825396825395,-0.23809523809523808,-0.3412698412698412,0.5733333323701334,0.5774647877075978,0.46249999927156255,0.4603174603174603,0.4365079365079365,0.40476190476190477,0.373015873015873,0.36507936507936506,0.36507936507936506,0.3412698412698413,0.3253968253968254,0.29365079365079366,0.5396825396825397,0.5634920634920635,0.5952380952380952,0.626984126984127,0.6349206349206349,0.6349206349206349,0.6587301587301587,0.6746031746031746,0.7063492063492064,0.9999999076186239,0.37708679287680313,2.9989608248573072e-09,3.646676968157182e-05,0.001501181950907551,0.07585818244785619,0.924141782162036,0.9995693715587932,0.4364101647201522
ChatDev_ProgramDev2_GPT4o_62_scored.json,ChatDev_ProgramDev2_GPT4o_62,2.6,1,144,15,0.9959298123175301,0.2895793603045716,6.82560337633487e-08,0.030744757210056525,0.1643434917378464,0.46801091113428256,0.3072939343646951,-0.4583333333333333,-0.45833333333333337,-0.5069444444444444,0.3399999995104,0.3333333328484849,0.2912621355151287,0.3125,0.3125,0.3055555555555556,0.2986111111111111,0.2847222222222222,0.2638888888888889,0.2361111111111111,0.22916666666666666,0.20833333333333334,0.6875,0.6875,0.6944444444444444,0.7013888888888888,0.7152777777777778,0.7361111111111112,0.7638888888888888,0.7708333333333334,0.7916666666666666,0.9999998683186633,0.27681521191999947,3.6534822137210456e-08,9.023804458054673e-07,4.288745198700338e-05,0.005220125868449866,0.6791787210139384,0.996827281022943,0.41161367444237307
ChatDev_ProgramDev2_GPT4o_63_scored.json,ChatDev_ProgramDev2_GPT4o_63,2.6,1,166,13,0.691950500433013,0.2691996668564074,4.78509457496562e-06,0.011491757923791606,0.25522543127745234,0.3768071456268805,0.234830782484405,-0.5301204819277108,-0.5120481927710844,-0.5903614457831325,0.272727272353118,0.26724137892791316,0.20967741907414156,0.3433734939759036,0.30120481927710846,0.2710843373493976,0.25903614457831325,0.25301204819277107,0.2289156626506024,0.19879518072289157,0.18674698795180722,0.1566265060240964,0.6566265060240963,0.6987951807228916,0.7289156626506024,0.7409638554216867,0.7469879518072289,0.7710843373493976,0.8012048192771084,0.8132530120481928,0.8433734939759037,1.0,0.24801747602021262,3.059023205018258e-07,1.370956471489639e-06,1.0129987330277146e-05,0.005220125868449866,0.4844559395177497,0.9933070917829896,0.3823725466333389
ChatDev_ProgramDev2_GPT4o_64_scored.json,ChatDev_ProgramDev2_GPT4o_64,2.6,1,107,14,0.6614090941452598,0.1300562336419595,1.8553913626159784e-07,5.489633214961068e-05,0.024780958894383552,0.20045301496060092,0.19603585864865,-0.7476635514018691,-0.7009345794392523,-0.7850467289719626,0.1208791207369883,0.127906976585046,0.11578947355379501,0.2523364485981308,0.19626168224299065,0.14953271028037382,0.12149532710280374,0.11214953271028037,0.11214953271028037,0.102803738317757,0.102803738317757,0.102803738317757,0.7476635514018691,0.8037383177570093,0.8504672897196262,0.8785046728971962,0.8878504672897196,0.8878504672897196,0.897196261682243,0.897196261682243,0.897196261682243,0.9999988225796381,0.14710216487197184,4.139937718785167e-08,3.535625324942473e-05,0.00023230866986799546,0.005220125868449866,0.0975305555116364,0.7353358136446908,0.30078471477281177
ChatDev_ProgramDev2_GPT4o_65_scored.json,ChatDev_ProgramDev2_GPT4o_65,2.6,1,131,13,0.898943788954582,0.3556564212615489,1.1253517471925912e-07,0.10515643431756448,0.31513094305734674,0.6144224297431828,0.29620634853454075,-0.47328244274809156,-0.4885496183206107,-0.5419847328244275,0.33333333286379935,0.29670329627617437,0.26041666631130644,0.3435114503816794,0.3053435114503817,0.2900763358778626,0.2748091603053435,0.26717557251908397,0.2366412213740458,0.2366412213740458,0.20610687022900764,0.19083969465648856,0.6564885496183206,0.6946564885496184,0.7099236641221374,0.7251908396946565,0.732824427480916,0.7633587786259542,0.7633587786259542,0.7938931297709924,0.8091603053435115,0.9999999067266458,0.26273729686026,1.1253517471925912e-07,2.902312105056987e-06,5.184456207708291e-05,0.006692851264215723,0.5000000824631072,0.9988304289011092,0.3949486013479945
ChatDev_ProgramDev2_GPT4o_67_scored.json,ChatDev_ProgramDev2_GPT4o_67,2.6,1,111,14,0.9999707452188019,0.22329168022570745,1.1253517471925912e-07,0.0005202193233029987,0.114719106552009,0.28751510270191183,0.29028542007082675,-0.7387387387387387,-0.7387387387387387,-0.7747747747747749,0.12765957431733818,0.11827956975130073,0.10416666654622395,0.2072072072072072,0.16216216216216217,0.15315315315315314,0.13513513513513514,0.13513513513513514,0.12612612612612611,0.10810810810810811,0.0990990990990991,0.09009009009009009,0.7927927927927928,0.8378378378378378,0.8468468468468469,0.8648648648648649,0.8648648648648649,0.8738738738738738,0.8918918918918919,0.9009009009009009,0.9099099099099099,0.9999999355116564,0.14008063527908216,4.139937718785167e-08,1.0677029917933763e-06,4.78509457496562e-06,4.539785156619626e-05,0.04742587885606571,0.7772998258559479,0.3098857726603271
ChatDev_ProgramDev2_GPT4o_68_scored.json,ChatDev_ProgramDev2_GPT4o_68,2.6,1,124,13,0.315188977485587,0.05760400797076374,1.4449802461092448e-07,1.0520625843244073e-05,4.2454879250426085e-05,0.02383769107205508,0.10592672674987352,-0.9274193548387097,-0.9274193548387097,-0.935483870967742,0.02542372878684286,0.02542372878684286,0.025210084007344112,0.056451612903225805,0.04838709677419355,0.04838709677419355,0.04838709677419355,0.04032258064516129,0.04032258064516129,0.024193548387096774,0.024193548387096774,0.024193548387096774,0.9435483870967742,0.9516129032258065,0.9516129032258065,0.9516129032258065,0.9596774193548387,0.9596774193548387,0.9758064516129032,0.9758064516129032,0.9758064516129032,0.9999995628779178,0.04327268778697512,1.4449802461092448e-07,5.043471815847051e-07,2.2603250957489616e-06,1.4854269039039057e-05,0.00070967033651176,0.02741177331932729,0.1753346689296795
ChatDev_ProgramDev2_GPT4o_71_scored.json,ChatDev_ProgramDev2_GPT4o_71,2.6,1,128,13,0.735191510319254,0.29048668464559074,8.764248219443636e-08,0.0821439717781326,0.274346666708231,0.36521367746215333,0.24534592351330964,-0.4921875,-0.46875,-0.5625,0.30769230725950975,0.31034482712960765,0.24999999966666667,0.328125,0.3203125,0.2890625,0.25,0.25,0.234375,0.21875,0.2109375,0.1875,0.671875,0.6796875,0.7109375,0.75,0.75,0.765625,0.78125,0.7890625,0.8125,0.9999998677612711,0.25999790499634823,4.944450501938644e-09,4.467557889291572e-06,7.070746120422912e-05,0.009782214301774403,0.40815551470742484,0.98973580329395,0.39159185906801697
ChatDev_ProgramDev2_GPT4o_72_scored.json,ChatDev_ProgramDev2_GPT4o_72,2.6,1,99,13,0.6824066782824535,0.13981564741781607,9.931194312156244e-08,2.3249714885554705e-05,0.05577564361900319,0.25141143876759997,0.19193991854557824,-0.7373737373737373,-0.7373737373737375,-0.8080808080808081,0.1097560974284652,0.09876543197805213,0.0909090908068182,0.20202020202020202,0.18181818181818182,0.1717171717171717,0.15151515151515152,0.1111111111111111,0.10101010101010101,0.09090909090909091,0.08080808080808081,0.08080808080808081,0.797979797979798,0.8181818181818182,0.8282828282828283,0.8484848484848485,0.8888888888888888,0.898989898989899,0.9090909090909091,0.9191919191919192,0.9191919191919192,0.9999998013432952,0.13660274770876513,9.931194312156244e-08,3.4333761839914895e-06,9.009625983467642e-06,0.00020342704214340812,0.04742587942381373,0.5855769632895654,0.29400134587883886
ChatDev_ProgramDev2_GPT4o_73_scored.json,ChatDev_ProgramDev2_GPT4o_73,2.6,1,141,14,0.7747042623702083,0.29613936343486813,5.3157852544244216e-08,0.04363868783104576,0.26041630204605887,0.45111779131680113,0.24791849594035412,-0.34042553191489366,-0.34751773049645396,-0.38297872340425526,0.47252747179531457,0.4555555548418518,0.4255319142553192,0.3829787234042553,0.3617021276595745,0.3546099290780142,0.3333333333333333,0.3333333333333333,0.3262411347517731,0.3049645390070922,0.2907801418439716,0.28368794326241137,0.6170212765957447,0.6382978723404256,0.6453900709219859,0.6666666666666666,0.6666666666666666,0.6737588652482269,0.6950354609929078,0.7092198581560284,0.7163120567375887,0.9999999739758243,0.33273813275527453,5.3157852544244216e-08,4.78509457496562e-06,3.535625324942473e-05,0.014063629129731359,0.9525740746883938,0.9999646236583465,0.44187103380459186
ChatDev_ProgramDev2_GPT4o_75_scored.json,ChatDev_ProgramDev2_GPT4o_75,2.6,1,111,15,0.6762530318297103,0.31515720416434645,6.34880011604368e-09,0.08055924781266086,0.36737073166174156,0.48994698132397896,0.23171150611018107,-0.16216216216216212,-0.1711711711711712,-0.21621621621621623,0.7096774180842873,0.6885245889110454,0.6249999989160157,0.4774774774774775,0.45045045045045046,0.44144144144144143,0.44144144144144143,0.42342342342342343,0.4144144144144144,0.3963963963963964,0.3783783783783784,0.36036036036036034,0.5225225225225225,0.5495495495495496,0.5585585585585585,0.5585585585585585,0.5765765765765766,0.5855855855855856,0.6036036036036037,0.6216216216216216,0.6396396396396397,0.9999999710987024,0.42117053661546294,6.34880011604368e-09,1.0129987330277146e-05,0.0002611902975925828,0.029312228416902442,0.9999645888848987,0.9999998749972462,0.4668277139898883
ChatDev_ProgramDev2_GPT4o_79_scored.json,ChatDev_ProgramDev2_GPT4o_79,2.6,1,138,14,0.6807915712081997,0.2146402114715083,2.510999155743982e-08,0.0010292637548551483,0.06002186555796755,0.38525029561204727,0.25020977672758693,-0.6956521739130435,-0.6956521739130435,-0.7101449275362319,0.16521739110608696,0.16521739110608696,0.16239316220162175,0.18840579710144928,0.16666666666666666,0.16666666666666666,0.15942028985507245,0.15217391304347827,0.14492753623188406,0.13768115942028986,0.13768115942028986,0.13768115942028986,0.8115942028985508,0.8333333333333334,0.8333333333333334,0.8405797101449275,0.8478260869565217,0.855072463768116,0.8623188405797102,0.8623188405797102,0.8623188405797102,0.9999999746266062,0.1585847703801198,2.9989608248573072e-09,1.0677029917933763e-06,1.0129987330277146e-05,0.00020342704214340812,0.029312229146562493,0.9997176100301335,0.34474646135592574
ChatDev_ProgramDev2_GPT4o_80_scored.json,ChatDev_ProgramDev2_GPT4o_80,2.6,1,150,14,0.7593069685703375,0.10315503051637756,4.363462252943702e-09,8.909290270568758e-07,0.0025271016778260157,0.08589304213877116,0.20916400255576106,-0.8466666666666667,-0.8466666666666667,-0.86,0.07971014484089477,0.07971014484089477,0.07194244596552973,0.1,0.08,0.08,0.07333333333333333,0.07333333333333333,0.07333333333333333,0.07333333333333333,0.07333333333333333,0.06666666666666667,0.9,0.92,0.92,0.9266666666666666,0.9266666666666666,0.9266666666666666,0.9266666666666666,0.9266666666666666,0.9333333333333333,0.9999998963933356,0.08111086026305815,4.363462252943702e-09,1.8553913626159784e-07,8.905716925206165e-07,1.6701414089010932e-05,0.0031726831078774057,0.08019267216106497,0.25518861927124137
ChatDev_ProgramDev2_GPT4o_82_scored.json,ChatDev_ProgramDev2_GPT4o_82,2.6,1,114,13,0.7689465463056808,0.212391304017746,1.0677029917933763e-06,0.00017113668696681496,0.08686896500000474,0.34363764772036876,0.2413284971958749,-0.6842105263157895,-0.6578947368421052,-0.7017543859649122,0.17894736820631577,0.18478260846668243,0.17525773175278989,0.20175438596491227,0.19298245614035087,0.16666666666666666,0.15789473684210525,0.14912280701754385,0.14912280701754385,0.14912280701754385,0.14912280701754385,0.14912280701754385,0.7982456140350878,0.8070175438596491,0.8333333333333334,0.8421052631578947,0.8508771929824561,0.8508771929824561,0.8508771929824561,0.8508771929824561,0.8508771929824561,1.0,0.1670264822480019,1.522997974471263e-08,1.8553913626159784e-07,1.88533848986117e-06,5.184456207708291e-05,0.032491715303602654,0.999229844430056,0.35285345562114173
ChatDev_ProgramDev2_GPT4o_84_scored.json,ChatDev_ProgramDev2_GPT4o_84,2.6,1,156,14,0.6983968331461822,0.2042165245468698,3.2241867372567335e-08,5.175765750449797e-06,0.00021747007724860214,0.4443084989103539,0.2562648451341204,-0.6153846153846153,-0.6217948717948718,-0.6474358974358975,0.22580645132882415,0.21138211355304382,0.191999999760384,0.22435897435897437,0.21153846153846154,0.20512820512820512,0.20512820512820512,0.1987179487179487,0.1858974358974359,0.1794871794871795,0.16666666666666666,0.15384615384615385,0.7756410256410257,0.7884615384615384,0.7948717948717948,0.7948717948717948,0.8012820512820513,0.8141025641025641,0.8205128205128205,0.8333333333333334,0.8461538461538461,0.9999999599747912,0.19448707462496714,3.2241867372567335e-08,3.927863545481039e-07,3.7266389560521204e-06,3.1445970523186056e-05,0.05059107922917237,0.9993134754485162,0.37215772966448635
ChatDev_ProgramDev2_GPT4o_8_scored.json,ChatDev_ProgramDev2_GPT4o_8,2.6,1,103,13,0.6703516371954513,0.26195386201073473,5.043471815847051e-07,3.840650503071777e-05,0.2919472214669223,0.4513295511610896,0.2360545906033329,-0.4563106796116505,-0.46601941747572817,-0.49514563106796117,0.36486486435701243,0.3513513508623083,0.3199999995605334,0.2912621359223301,0.2815533980582524,0.2815533980582524,0.27184466019417475,0.27184466019417475,0.2621359223300971,0.2621359223300971,0.2524271844660194,0.23300970873786409,0.7087378640776699,0.7184466019417476,0.7184466019417476,0.7281553398058253,0.7281553398058253,0.7378640776699029,0.7378640776699029,0.7475728155339806,0.7669902912621359,0.9999999197817607,0.2705724655874067,6.82560337633487e-08,6.843812652109439e-07,2.7535687796947383e-05,0.0005527785265734312,0.8059277881865052,0.9986789945476505,0.4246398171690813
ChatDev_ProgramDev2_GPT4o_91_scored.json,ChatDev_ProgramDev2_GPT4o_91,2.6,1,118,13,0.8091844951949783,0.30136639785970776,3.927863545481039e-07,1.1827804009647968e-05,0.2873233632543695,0.47752053658062077,0.2800825546583368,-0.43220338983050843,-0.44915254237288127,-0.4830508474576271,0.3703703698308185,0.3456790118420973,0.32142857097704086,0.3389830508474576,0.3135593220338983,0.3135593220338983,0.2966101694915254,0.288135593220339,0.2796610169491525,0.2542372881355932,0.23728813559322035,0.2288135593220339,0.6610169491525424,0.6864406779661016,0.6864406779661016,0.7033898305084746,0.711864406779661,0.7203389830508474,0.7457627118644068,0.7627118644067796,0.7711864406779662,0.9999998334541624,0.2864004761812162,1.1253517471925912e-07,5.043471815847051e-07,3.991252860780496e-06,0.0012061166777185602,0.7180886112858627,0.9999669016564645,0.42017372528806357
ChatDev_ProgramDev2_GPT4o_94_scored.json,ChatDev_ProgramDev2_GPT4o_94,2.6,1,113,14,0.9750114005700048,0.32228242561832815,3.2241867372567335e-08,0.002319286683553421,0.2538693917833428,0.5916850550597766,0.31255972633119466,-0.3805309734513274,-0.336283185840708,-0.4247787610619469,0.4109589034734472,0.44117646985510384,0.3513513508148283,0.4336283185840708,0.39823008849557523,0.35398230088495575,0.34513274336283184,0.34513274336283184,0.3008849557522124,0.26548672566371684,0.26548672566371684,0.23008849557522124,0.5663716814159292,0.6017699115044248,0.6460176991150443,0.6548672566371682,0.6548672566371682,0.6991150442477876,0.7345132743362832,0.7345132743362832,0.7699115044247787,0.9999999354011897,0.33220564194956975,0.0,1.4488337681047597e-06,0.0002611902975925828,0.0293122281150375,0.8519528483677711,0.999931864728574,0.4196281711105259
ChatDev_ProgramDev2_GPT4o_95_scored.json,ChatDev_ProgramDev2_GPT4o_95,2.6,1,119,14,0.7111383948281583,0.21509091731910904,3.2241867372567335e-08,0.00381827552718815,0.15114486801618238,0.3554906932811793,0.21813660694813472,-0.6134453781512605,-0.5966386554621849,-0.6554621848739497,0.20652173886330338,0.2111111108319753,0.1789473681968975,0.2605042016806723,0.24369747899159663,0.226890756302521,0.2184873949579832,0.20168067226890757,0.16806722689075632,0.15966386554621848,0.15966386554621848,0.14285714285714285,0.7394957983193278,0.7563025210084033,0.773109243697479,0.7815126050420168,0.7983193277310925,0.8319327731092437,0.8403361344537815,0.8403361344537815,0.8571428571428571,1.0,0.1984098443208795,3.2241867372567335e-08,7.947412608750085e-07,2.4490312862093885e-05,0.0019267342527389902,0.1336250832274855,0.9491179261663896,0.3580263052279238
ChatDev_ProgramDev2_GPT4o_98_scored.json,ChatDev_ProgramDev2_GPT4o_98,2.6,1,105,13,0.9634988486647167,0.34878231032320256,1.8553913626159784e-07,0.12639315254211775,0.37241746727528213,0.4147103915817059,0.302453779738622,-0.30476190476190473,-0.30476190476190473,-0.3714285714285714,0.5151515143319559,0.5151515143319559,0.4179104471062598,0.4095238095238095,0.37142857142857144,0.37142857142857144,0.37142857142857144,0.3619047619047619,0.3333333333333333,0.3238095238095238,0.3238095238095238,0.26666666666666666,0.5904761904761905,0.6285714285714286,0.6285714285714286,0.6285714285714286,0.638095238095238,0.6666666666666666,0.6761904761904762,0.6761904761904762,0.7333333333333333,0.9999998849817412,0.3486820155096303,1.8553913626159784e-07,6.842208656516761e-06,0.0001584362410990077,0.008577486973946336,0.9241418247254046,0.9999350227179331,0.44371425901185874
ChatDev_ProgramDev_GPT4o_18_scored.json,ChatDev_ProgramDev_GPT4o_18,2.6,1,184,13,0.5883960259254813,0.2558225388633759,1.8553913626159784e-07,0.0006779895473144474,0.21464593232893897,0.501586053653073,0.22444492447793254,-0.7336956521739131,-0.7282608695652174,-0.7771739130434783,0.12337662322921235,0.11842105248822715,0.111801242108252,0.1956521739130435,0.17391304347826086,0.16304347826086957,0.14130434782608695,0.125,0.11956521739130435,0.10326086956521739,0.09782608695652174,0.09782608695652174,0.8043478260869565,0.8260869565217391,0.8369565217391305,0.8586956521739131,0.875,0.8804347826086957,0.8967391304347826,0.9021739130434783,0.9021739130434783,0.9999997566150618,0.13846947496336223,6.82560337633487e-08,3.319675307157093e-07,2.135329560453031e-06,3.535625324942473e-05,0.015044274892411337,0.7478635490188599,0.3084203579031886
ChatDev_ProgramDev_GPT4o_27_scored.json,ChatDev_ProgramDev_GPT4o_27,2.6,1,218,13,0.9055836868140518,0.28406391130944614,8.503982126674248e-07,1.4112858297771407e-05,0.09179046766090802,0.5185328128254562,0.32536601968554124,-0.8073394495412843,-0.7935779816513762,-0.8211009174311927,0.09743589732696911,0.0989583332209744,0.09137055827452395,0.11926605504587157,0.11926605504587157,0.10550458715596331,0.0963302752293578,0.0963302752293578,0.09174311926605505,0.0871559633027523,0.0871559633027523,0.08256880733944955,0.8807339449541285,0.8807339449541285,0.8944954128440367,0.9036697247706422,0.9036697247706422,0.908256880733945,0.9128440366972477,0.9128440366972477,0.9174311926605505,0.9999998852978293,0.09835729532759077,1.1253517471925912e-07,3.927863545481039e-07,1.4683030922585392e-06,6.144171336422507e-06,5.506791733252623e-05,0.37754069337775226,0.28136712463215036
ChatDev_ProgramDev_GPT4o_5_scored.json,ChatDev_ProgramDev_GPT4o_5,2.6,1,89,13,0.6794575618427675,0.14881829010928357,1.4449802461092448e-07,0.0022027439871045223,0.017986214259047017,0.22511876453584612,0.22163005306069447,-0.6853932584269663,-0.696629213483146,-0.7415730337078651,0.16438356144342278,0.13888888871720678,0.11999999985760001,0.23595505617977527,0.19101123595505617,0.1797752808988764,0.16853932584269662,0.15730337078651685,0.15730337078651685,0.1348314606741573,0.11235955056179775,0.10112359550561797,0.7640449438202247,0.8089887640449438,0.8202247191011236,0.8314606741573034,0.8426966292134831,0.8426966292134831,0.8651685393258427,0.8876404494382022,0.898876404494382,0.9999999211969307,0.16699048716746415,5.3157852544244216e-08,3.379214015892927e-05,0.0003353500342255387,0.005220125868449866,0.07585818115986291,0.8465942023991363,0.3278059653331544
ChatDev_ProgramDev_GPT4o_8_scored.json,ChatDev_ProgramDev_GPT4o_8,2.6,1,167,13,0.9870563285604907,0.26279488704079634,3.7266389560521204e-06,4.3081656604901536e-05,0.23256317549291808,0.5005846889521122,0.2926684690618073,-0.718562874251497,-0.718562874251497,-0.7305389221556886,0.1489361700363664,0.1489361700363664,0.14685314668164703,0.17365269461077845,0.15568862275449102,0.15568862275449102,0.1437125748502994,0.1437125748502994,0.12574850299401197,0.12574850299401197,0.12574850299401197,0.12574850299401197,0.8263473053892215,0.844311377245509,0.844311377245509,0.8562874251497006,0.8562874251497006,0.874251497005988,0.874251497005988,0.874251497005988,0.874251497005988,0.999999919896164,0.14252338266437864,1.1253517471925912e-07,1.2496550796111346e-06,7.88926463665814e-06,4.539785156619626e-05,0.005956488566332794,0.9990179199190687,0.3336425800715016
