score_key,direction,threshold,f1,precision,recall,accuracy,specificity,balanced_accuracy,tp,fp,tn,fn,n
high_low_gap_0_9_0_5,low_is_c3,-0.07142857142857145,0.6835443037974684,0.574468085106383,0.84375,0.6376811594202898,0.4594594594594595,0.6516047297297297,27,20,17,5,69
strict_high_low_gap_0_9_0_5,low_is_c3,-0.07142857142857145,0.6835443037974684,0.574468085106383,0.84375,0.6376811594202898,0.4594594594594595,0.6516047297297297,27,20,17,5,69
c2_repetition_symptom_score,high_is_c3,-0.4316174143368887,0.6823529411764705,0.5471698113207547,0.90625,0.6086956521739131,0.35135135135135137,0.6288006756756757,29,24,13,3,69
consistency_score_file_max,low_is_c3,-0.9999999140337527,0.6823529411764705,0.5471698113207547,0.90625,0.6086956521739131,0.35135135135135137,0.6288006756756757,29,24,13,3,69
high_low_half_penalty_0_9_0_5,low_is_c3,-0.11764705882352941,0.676470588235294,0.6388888888888888,0.71875,0.6811594202898551,0.6486486486486487,0.6836993243243243,23,13,24,9,69
consistency_score_file_q25,low_is_c3,-0.5410299141725416,0.6744186046511628,0.5370370370370371,0.90625,0.5942028985507246,0.32432432432432434,0.6152871621621622,29,25,12,3,69
c2_low_turn_avg_output_items,low_is_c3,-18.75,0.673913043478261,0.5166666666666667,0.96875,0.5652173913043478,0.21621621621621623,0.5924831081081081,31,29,8,1,69
high_density_score_0_8,low_is_c3,-0.26174217680018,0.6666666666666667,0.5652173913043478,0.8125,0.6231884057971014,0.4594594594594595,0.6359797297297297,26,20,17,6,69
c2_score_std,low_is_c3,-0.3851295871898505,0.6666666666666667,0.5081967213114754,0.96875,0.5507246376811594,0.1891891891891892,0.5789695945945946,31,30,7,1,69
consistency_score_file_std,low_is_c3,-0.3851295871898505,0.6666666666666667,0.5081967213114754,0.96875,0.5507246376811594,0.1891891891891892,0.5789695945945946,31,30,7,1,69
high_low_half_penalty_0_6_0_3,low_is_c3,-0.5714285714285715,0.6666666666666666,0.5510204081632653,0.84375,0.6086956521739131,0.40540540540540543,0.6245777027027027,27,22,15,5,69
high_score_rate_0_8,low_is_c3,-0.42857142857142855,0.6666666666666666,0.5510204081632653,0.84375,0.6086956521739131,0.40540540540540543,0.6245777027027027,27,22,15,5,69
low_score_rate_0_8,high_is_c3,0.5714285714285714,0.6666666666666666,0.5510204081632653,0.84375,0.6086956521739131,0.40540540540540543,0.6245777027027027,27,22,15,5,69
c2_low_turn_avg_output_items,high_is_c3,2.75,0.6666666666666666,0.5,1.0,0.5362318840579711,0.13513513513513514,0.5675675675675675,32,32,5,0,69
high_low_half_penalty_0_6_0_4,low_is_c3,-0.6785714285714286,0.6595744680851063,0.5,0.96875,0.5362318840579711,0.16216216216216217,0.5654560810810811,31,31,6,1,69
high_score_rate_0_6,low_is_c3,-0.7142857142857143,0.6595744680851063,0.5,0.96875,0.5362318840579711,0.16216216216216217,0.5654560810810811,31,31,6,1,69
low_score_rate_0_6,high_is_c3,0.2857142857142857,0.6595744680851063,0.5,0.96875,0.5362318840579711,0.16216216216216217,0.5654560810810811,31,31,6,1,69
high_score_rate_0_9,low_is_c3,-0.42857142857142855,0.6593406593406593,0.5084745762711864,0.9375,0.5507246376811594,0.21621621621621623,0.5768581081081081,30,29,8,2,69
low_score_rate_0_9,high_is_c3,0.5714285714285714,0.6593406593406593,0.5084745762711864,0.9375,0.5507246376811594,0.21621621621621623,0.5768581081081081,30,29,8,2,69
high_low_ratio_0_8_over_0_2,low_is_c3,-5.0,0.6593406593406593,0.4918032786885246,1.0,0.515625,0.08823529411764706,0.5441176470588235,30,31,3,0,64
high_low_gap_0_6_0_2,low_is_c3,-0.5714285714285714,0.6590909090909092,0.5178571428571429,0.90625,0.5652173913043478,0.2702702702702703,0.5882601351351351,29,27,10,3,69
high_low_gap_0_6_0_3,low_is_c3,-0.5,0.6588235294117648,0.5283018867924528,0.875,0.5797101449275363,0.32432432432432434,0.5996621621621622,28,25,12,4,69
num_phases,high_is_c3,8.0,0.6588235294117648,0.5283018867924528,0.875,0.5797101449275363,0.32432432432432434,0.5996621621621622,28,25,12,4,69
consistency_score_file_mean,low_is_c3,-0.6686569700464724,0.6585365853658537,0.54,0.84375,0.5942028985507246,0.3783783783783784,0.6110641891891893,27,23,14,5,69
high_low_gap_0_7_0_5,low_is_c3,-0.30769230769230765,0.6585365853658537,0.54,0.84375,0.5942028985507246,0.3783783783783784,0.6110641891891893,27,23,14,5,69
high_low_half_penalty_0_6_0_2,low_is_c3,-0.576923076923077,0.6585365853658537,0.54,0.84375,0.5942028985507246,0.3783783783783784,0.6110641891891893,27,23,14,5,69
high_low_half_penalty_0_7_0_5,low_is_c3,-0.42857142857142855,0.6585365853658537,0.54,0.84375,0.5942028985507246,0.3783783783783784,0.6110641891891893,27,23,14,5,69
mean_minus_std_score,low_is_c3,-0.2863668907726722,0.6582278481012658,0.5531914893617021,0.8125,0.6086956521739131,0.43243243243243246,0.6224662162162162,26,21,16,6,69
consistency_score_file_median,low_is_c3,-0.7010922523978672,0.6567164179104478,0.6285714285714286,0.6875,0.6666666666666666,0.6486486486486487,0.6680743243243243,22,13,24,10,69
consistency_score_file_iqr,low_is_c3,-0.7961959264346989,0.653061224489796,0.48484848484848486,1.0,0.5072463768115942,0.08108108108108109,0.5405405405405406,32,34,3,0,69
high_low_half_penalty_0_8_0_2,low_is_c3,-0.35714285714285715,0.6511627906976744,0.5185185185185185,0.875,0.5652173913043478,0.2972972972972973,0.5861486486486487,28,26,11,4,69
high_low_half_penalty_0_8_0_3,low_is_c3,-0.35714285714285715,0.6511627906976744,0.5185185185185185,0.875,0.5652173913043478,0.2972972972972973,0.5861486486486487,28,26,11,4,69
high_low_half_penalty_0_9_0_3,low_is_c3,-0.25,0.6506024096385543,0.5294117647058824,0.84375,0.5797101449275363,0.35135135135135137,0.5975506756756757,27,24,13,5,69
high_low_gap_0_6_0_4,low_is_c3,-0.4285714285714286,0.65,0.5416666666666666,0.8125,0.5942028985507246,0.40540540540540543,0.6089527027027027,26,22,15,6,69
high_low_gap_0_8_0_5,low_is_c3,-0.14285714285714288,0.65,0.5416666666666666,0.8125,0.5942028985507246,0.40540540540540543,0.6089527027027027,26,22,15,6,69
high_low_gap_0_9_0_4,low_is_c3,-0.07142857142857145,0.6486486486486486,0.5714285714285714,0.75,0.6231884057971014,0.5135135135135135,0.6317567567567568,24,18,19,8,69
high_low_half_penalty_0_8_0_4,low_is_c3,-0.25,0.6478873239436619,0.5897435897435898,0.71875,0.6376811594202898,0.5675675675675675,0.6431587837837838,23,16,21,9,69
high_score_rate_0_7,low_is_c3,-0.5294117647058824,0.6478873239436619,0.5897435897435898,0.71875,0.6376811594202898,0.5675675675675675,0.6431587837837838,23,16,21,9,69
low_score_rate_0_7,high_is_c3,0.47058823529411764,0.6478873239436619,0.5897435897435898,0.71875,0.6376811594202898,0.5675675675675675,0.6431587837837838,23,16,21,9,69
c2_num_turns,low_is_c3,-17.0,0.6464646464646464,0.47761194029850745,1.0,0.4927536231884058,0.05405405405405406,0.527027027027027,32,35,2,0,69
c2_repetition_symptom_score,low_is_c3,-1.1273629359147443,0.6464646464646464,0.47761194029850745,1.0,0.4927536231884058,0.05405405405405406,0.527027027027027,32,35,2,0,69
consistency_score_file_iqr,high_is_c3,0.25344371515168573,0.6464646464646464,0.47761194029850745,1.0,0.4927536231884058,0.05405405405405406,0.527027027027027,32,35,2,0,69
high_low_gap_0_9_0_4,high_is_c3,-0.3076923076923077,0.6464646464646464,0.47761194029850745,1.0,0.4927536231884058,0.05405405405405406,0.527027027027027,32,35,2,0,69
num_turns,low_is_c3,-17.0,0.6464646464646464,0.47761194029850745,1.0,0.4927536231884058,0.05405405405405406,0.527027027027027,32,35,2,0,69
c2_low05_rate,high_is_c3,0.21428571428571427,0.6451612903225806,0.4918032786885246,0.9375,0.5217391304347826,0.16216216216216217,0.5498310810810811,30,31,6,2,69
c2_low_turn_count,high_is_c3,3.0,0.6451612903225806,0.4918032786885246,0.9375,0.5217391304347826,0.16216216216216217,0.5498310810810811,30,31,6,2,69
high_score_rate_0_5,low_is_c3,-0.7857142857142857,0.6451612903225806,0.4918032786885246,0.9375,0.5217391304347826,0.16216216216216217,0.5498310810810811,30,31,6,2,69
low_score_rate_0_5,high_is_c3,0.21428571428571427,0.6451612903225806,0.4918032786885246,0.9375,0.5217391304347826,0.16216216216216217,0.5498310810810811,30,31,6,2,69
consistency_score_file_q10,low_is_c3,-0.28212113687609724,0.6444444444444445,0.5,0.90625,0.5362318840579711,0.21621621621621623,0.5612331081081081,29,29,8,3,69
high_score_rate_0_3,low_is_c3,-0.8571428571428571,0.6444444444444445,0.5,0.90625,0.5362318840579711,0.21621621621621623,0.5612331081081081,29,29,8,3,69
low_score_rate_0_3,high_is_c3,0.14285714285714285,0.6444444444444445,0.5,0.90625,0.5362318840579711,0.21621621621621623,0.5612331081081081,29,29,8,3,69
low_tail_penalty_score,low_is_c3,-0.6010852337660852,0.6444444444444445,0.5,0.90625,0.5362318840579711,0.21621621621621623,0.5612331081081081,29,29,8,3,69
high_low_gap_0_8_0_3,low_is_c3,-0.2857142857142857,0.6436781609195402,0.509090909090909,0.875,0.5507246376811594,0.2702702702702703,0.5726351351351351,28,27,10,4,69
high_low_half_penalty_0_8_0_5,low_is_c3,-0.2857142857142857,0.6428571428571429,0.5192307692307693,0.84375,0.5652173913043478,0.32432432432432434,0.5840371621621622,27,25,12,5,69
failure_sensitive_score,low_is_c3,-0.4685102336178029,0.6419753086419753,0.5306122448979592,0.8125,0.5797101449275363,0.3783783783783784,0.5954391891891893,26,23,14,6,69
high_low_gap_0_7_0_4,low_is_c3,-0.3571428571428571,0.6419753086419753,0.5306122448979592,0.8125,0.5797101449275363,0.3783783783783784,0.5954391891891893,26,23,14,6,69
high_low_gap_0_9_0_3,low_is_c3,-0.14285714285714288,0.6419753086419753,0.5306122448979592,0.8125,0.5797101449275363,0.3783783783783784,0.5954391891891893,26,23,14,6,69
high_low_half_penalty_0_9_0_4,low_is_c3,-0.2142857142857143,0.6419753086419753,0.5306122448979592,0.8125,0.5797101449275363,0.3783783783783784,0.5954391891891893,26,23,14,6,69
c2_programmer_low05_rate,high_is_c3,0.2857142857142857,0.6399999999999999,0.5581395348837209,0.75,0.6086956521739131,0.4864864864864865,0.6182432432432432,24,19,18,8,69
c2_low_turn_count,low_is_c3,-10.0,0.6399999999999999,0.47058823529411764,1.0,0.4782608695652174,0.02702702702702703,0.5135135135135135,32,36,1,0,69
c2_max_low_run,high_is_c3,1.0,0.6399999999999999,0.47058823529411764,1.0,0.4782608695652174,0.02702702702702703,0.5135135135135135,32,36,1,0,69
consistency_score_file_max,high_is_c3,0.9998414634104806,0.6399999999999999,0.47058823529411764,1.0,0.4782608695652174,0.02702702702702703,0.5135135135135135,32,36,1,0,69
consistency_score_file_median,high_is_c3,0.42575686942320834,0.6399999999999999,0.47058823529411764,1.0,0.4782608695652174,0.02702702702702703,0.5135135135135135,32,36,1,0,69
consistency_score_file_min,low_is_c3,-0.43553251716152935,0.6399999999999999,0.47058823529411764,1.0,0.4782608695652174,0.02702702702702703,0.5135135135135135,32,36,1,0,69
consistency_score_file_q10,high_is_c3,0.0016914988655521873,0.6399999999999999,0.47058823529411764,1.0,0.4782608695652174,0.02702702702702703,0.5135135135135135,32,36,1,0,69
consistency_score_file_q75,low_is_c3,-0.9999743525712029,0.6399999999999999,0.47058823529411764,1.0,0.4782608695652174,0.02702702702702703,0.5135135135135135,32,36,1,0,69
high_density_score_0_8,high_is_c3,0.06676286648415442,0.6399999999999999,0.47058823529411764,1.0,0.4782608695652174,0.02702702702702703,0.5135135135135135,32,36,1,0,69
high_low_gap_0_7_0_2,low_is_c3,-0.7692307692307693,0.6399999999999999,0.47058823529411764,1.0,0.4782608695652174,0.02702702702702703,0.5135135135135135,32,36,1,0,69
high_low_gap_0_7_0_3,high_is_c3,-0.15384615384615385,0.6399999999999999,0.47058823529411764,1.0,0.4782608695652174,0.02702702702702703,0.5135135135135135,32,36,1,0,69
high_low_gap_0_7_0_3,low_is_c3,-0.7692307692307693,0.6399999999999999,0.47058823529411764,1.0,0.4782608695652174,0.02702702702702703,0.5135135135135135,32,36,1,0,69
high_low_gap_0_7_0_4,high_is_c3,-0.23076923076923078,0.6399999999999999,0.47058823529411764,1.0,0.4782608695652174,0.02702702702702703,0.5135135135135135,32,36,1,0,69
high_low_gap_0_8_0_4,high_is_c3,-0.3076923076923077,0.6399999999999999,0.47058823529411764,1.0,0.4782608695652174,0.02702702702702703,0.5135135135135135,32,36,1,0,69
high_low_half_penalty_0_7_0_2,high_is_c3,0.07692307692307693,0.6399999999999999,0.47058823529411764,1.0,0.4782608695652174,0.02702702702702703,0.5135135135135135,32,36,1,0,69
high_low_half_penalty_0_7_0_2,low_is_c3,-0.7692307692307693,0.6399999999999999,0.47058823529411764,1.0,0.4782608695652174,0.02702702702702703,0.5135135135135135,32,36,1,0,69
high_low_half_penalty_0_7_0_3,high_is_c3,0.038461538461538464,0.6399999999999999,0.47058823529411764,1.0,0.4782608695652174,0.02702702702702703,0.5135135135135135,32,36,1,0,69
high_low_half_penalty_0_7_0_3,low_is_c3,-0.7692307692307693,0.6399999999999999,0.47058823529411764,1.0,0.4782608695652174,0.02702702702702703,0.5135135135135135,32,36,1,0,69
high_low_half_penalty_0_7_0_4,high_is_c3,0.0,0.6399999999999999,0.47058823529411764,1.0,0.4782608695652174,0.02702702702702703,0.5135135135135135,32,36,1,0,69
high_low_half_penalty_0_7_0_4,low_is_c3,-0.7692307692307693,0.6399999999999999,0.47058823529411764,1.0,0.4782608695652174,0.02702702702702703,0.5135135135135135,32,36,1,0,69
high_low_half_penalty_0_8_0_3,high_is_c3,-0.07692307692307693,0.6399999999999999,0.47058823529411764,1.0,0.4782608695652174,0.02702702702702703,0.5135135135135135,32,36,1,0,69
high_low_half_penalty_0_8_0_4,high_is_c3,-0.07692307692307693,0.6399999999999999,0.47058823529411764,1.0,0.4782608695652174,0.02702702702702703,0.5135135135135135,32,36,1,0,69
high_low_half_penalty_0_8_0_5,high_is_c3,-0.07692307692307693,0.6399999999999999,0.47058823529411764,1.0,0.4782608695652174,0.02702702702702703,0.5135135135135135,32,36,1,0,69
high_low_half_penalty_0_9_0_3,high_is_c3,-0.07692307692307693,0.6399999999999999,0.47058823529411764,1.0,0.4782608695652174,0.02702702702702703,0.5135135135135135,32,36,1,0,69
high_low_half_penalty_0_9_0_4,high_is_c3,-0.11538461538461539,0.6399999999999999,0.47058823529411764,1.0,0.4782608695652174,0.02702702702702703,0.5135135135135135,32,36,1,0,69
high_score_rate_0_1,high_is_c3,0.6428571428571429,0.6399999999999999,0.47058823529411764,1.0,0.4782608695652174,0.02702702702702703,0.5135135135135135,32,36,1,0,69
high_score_rate_0_7,high_is_c3,0.23076923076923078,0.6399999999999999,0.47058823529411764,1.0,0.4782608695652174,0.02702702702702703,0.5135135135135135,32,36,1,0,69
high_score_rate_0_8,high_is_c3,0.15384615384615385,0.6399999999999999,0.47058823529411764,1.0,0.4782608695652174,0.02702702702702703,0.5135135135135135,32,36,1,0,69
low_score_rate_0_1,low_is_c3,-0.35714285714285715,0.6399999999999999,0.47058823529411764,1.0,0.4782608695652174,0.02702702702702703,0.5135135135135135,32,36,1,0,69
low_score_rate_0_7,low_is_c3,-0.7692307692307693,0.6399999999999999,0.47058823529411764,1.0,0.4782608695652174,0.02702702702702703,0.5135135135135135,32,36,1,0,69
low_score_rate_0_8,low_is_c3,-0.8461538461538461,0.6399999999999999,0.47058823529411764,1.0,0.4782608695652174,0.02702702702702703,0.5135135135135135,32,36,1,0,69
mean_minus_std_score,high_is_c3,0.07073207543685273,0.6399999999999999,0.47058823529411764,1.0,0.4782608695652174,0.02702702702702703,0.5135135135135135,32,36,1,0,69
worst_score,low_is_c3,-0.43553251716152935,0.6399999999999999,0.47058823529411764,1.0,0.4782608695652174,0.02702702702702703,0.5135135135135135,32,36,1,0,69
c2_score_std,high_is_c3,0.23123773909015813,0.6391752577319587,0.47692307692307695,0.96875,0.4927536231884058,0.08108108108108109,0.5249155405405406,31,34,3,1,69
consistency_score_file_q25,high_is_c3,0.07589501908991644,0.6391752577319587,0.47692307692307695,0.96875,0.4927536231884058,0.08108108108108109,0.5249155405405406,31,34,3,1,69
consistency_score_file_std,high_is_c3,0.23123773909015813,0.6391752577319587,0.47692307692307695,0.96875,0.4927536231884058,0.08108108108108109,0.5249155405405406,31,34,3,1,69
high_low_ratio_0_8_over_0_2,high_is_c3,0.3333333333333333,0.6382978723404256,0.46875,1.0,0.46875,0.0,0.5,30,34,0,0,64
high_low_ratio_0_8_over_0_2_smoothed,low_is_c3,-3.6666666666666665,0.6382978723404255,0.4838709677419355,0.9375,0.5072463768115942,0.13513513513513514,0.5363175675675675,30,32,5,2,69
high_low_gap_0_8_0_2,low_is_c3,-0.2857142857142857,0.6352941176470588,0.5094339622641509,0.84375,0.5507246376811594,0.2972972972972973,0.5705236486486487,27,26,11,5,69
c2_coding_low05_rate,high_is_c3,0.0,0.6336633663366337,0.463768115942029,1.0,0.463768115942029,0.0,0.5,32,37,0,0,69
c2_coding_low05_rate,low_is_c3,-1.0,0.6336633663366337,0.463768115942029,1.0,0.463768115942029,0.0,0.5,32,37,0,0,69
c2_low05_rate,low_is_c3,-0.7142857142857143,0.6336633663366337,0.463768115942029,1.0,0.463768115942029,0.0,0.5,32,37,0,0,69
c2_max_low_run,low_is_c3,-8.0,0.6336633663366337,0.463768115942029,1.0,0.463768115942029,0.0,0.5,32,37,0,0,69
c2_num_turns,high_is_c3,13.0,0.6336633663366337,0.463768115942029,1.0,0.463768115942029,0.0,0.5,32,37,0,0,69
c2_programmer_low05_rate,low_is_c3,-1.0,0.6336633663366337,0.463768115942029,1.0,0.463768115942029,0.0,0.5,32,37,0,0,69
c2_reviewmod_low05_rate,high_is_c3,0.0,0.6336633663366337,0.463768115942029,1.0,0.463768115942029,0.0,0.5,32,37,0,0,69
c2_reviewmod_low05_rate,low_is_c3,-1.0,0.6336633663366337,0.463768115942029,1.0,0.463768115942029,0.0,0.5,32,37,0,0,69
consistency_score_file_mean,high_is_c3,0.4339586321470037,0.6336633663366337,0.463768115942029,1.0,0.463768115942029,0.0,0.5,32,37,0,0,69
consistency_score_file_min,high_is_c3,3.7912802139559533e-10,0.6336633663366337,0.463768115942029,1.0,0.463768115942029,0.0,0.5,32,37,0,0,69
consistency_score_file_q75,high_is_c3,0.6200067083745986,0.6336633663366337,0.463768115942029,1.0,0.463768115942029,0.0,0.5,32,37,0,0,69
entropy_normalized,high_is_c3,0.491021096228183,0.6336633663366337,0.463768115942029,1.0,0.463768115942029,0.0,0.5,32,37,0,0,69
entropy_normalized,low_is_c3,-0.9780416657815157,0.6336633663366337,0.463768115942029,1.0,0.463768115942029,0.0,0.5,32,37,0,0,69
failure_sensitive_score,high_is_c3,0.3041218955951515,0.6336633663366337,0.463768115942029,1.0,0.463768115942029,0.0,0.5,32,37,0,0,69
high_low_gap_0_6_0_2,high_is_c3,-0.07142857142857145,0.6336633663366337,0.463768115942029,1.0,0.463768115942029,0.0,0.5,32,37,0,0,69
high_low_gap_0_6_0_3,high_is_c3,-0.07692307692307693,0.6336633663366337,0.463768115942029,1.0,0.463768115942029,0.0,0.5,32,37,0,0,69
high_low_gap_0_6_0_4,high_is_c3,-0.2142857142857143,0.6336633663366337,0.463768115942029,1.0,0.463768115942029,0.0,0.5,32,37,0,0,69
high_low_gap_0_7_0_2,high_is_c3,-0.15384615384615385,0.6336633663366337,0.463768115942029,1.0,0.463768115942029,0.0,0.5,32,37,0,0,69
high_low_gap_0_7_0_5,high_is_c3,-0.4285714285714286,0.6336633663366337,0.463768115942029,1.0,0.463768115942029,0.0,0.5,32,37,0,0,69
high_low_gap_0_8_0_2,high_is_c3,-0.3076923076923077,0.6336633663366337,0.463768115942029,1.0,0.463768115942029,0.0,0.5,32,37,0,0,69
high_low_gap_0_8_0_3,high_is_c3,-0.3076923076923077,0.6336633663366337,0.463768115942029,1.0,0.463768115942029,0.0,0.5,32,37,0,0,69
high_low_gap_0_8_0_4,low_is_c3,-0.6923076923076923,0.6336633663366337,0.463768115942029,1.0,0.463768115942029,0.0,0.5,32,37,0,0,69
high_low_gap_0_8_0_5,high_is_c3,-0.4285714285714286,0.6336633663366337,0.463768115942029,1.0,0.463768115942029,0.0,0.5,32,37,0,0,69
high_low_gap_0_9_0_3,high_is_c3,-0.3076923076923077,0.6336633663366337,0.463768115942029,1.0,0.463768115942029,0.0,0.5,32,37,0,0,69
high_low_gap_0_9_0_5,high_is_c3,-0.4285714285714286,0.6336633663366337,0.463768115942029,1.0,0.463768115942029,0.0,0.5,32,37,0,0,69
high_low_half_penalty_0_6_0_2,high_is_c3,0.10714285714285712,0.6336633663366337,0.463768115942029,1.0,0.463768115942029,0.0,0.5,32,37,0,0,69
high_low_half_penalty_0_6_0_3,high_is_c3,0.10714285714285712,0.6336633663366337,0.463768115942029,1.0,0.463768115942029,0.0,0.5,32,37,0,0,69
high_low_half_penalty_0_6_0_4,high_is_c3,0.0357142857142857,0.6336633663366337,0.463768115942029,1.0,0.463768115942029,0.0,0.5,32,37,0,0,69
high_low_half_penalty_0_7_0_5,high_is_c3,-0.07142857142857145,0.6336633663366337,0.463768115942029,1.0,0.463768115942029,0.0,0.5,32,37,0,0,69
high_low_half_penalty_0_8_0_2,high_is_c3,-0.07692307692307693,0.6336633663366337,0.463768115942029,1.0,0.463768115942029,0.0,0.5,32,37,0,0,69
high_low_half_penalty_0_9_0_5,high_is_c3,-0.16666666666666669,0.6336633663366337,0.463768115942029,1.0,0.463768115942029,0.0,0.5,32,37,0,0,69
high_low_ratio_0_8_over_0_2_smoothed,high_is_c3,0.42857142857142855,0.6336633663366337,0.463768115942029,1.0,0.463768115942029,0.0,0.5,32,37,0,0,69
high_score_rate_0_1,low_is_c3,-1.0,0.6336633663366337,0.463768115942029,1.0,0.463768115942029,0.0,0.5,32,37,0,0,69
high_score_rate_0_2,high_is_c3,0.5384615384615384,0.6336633663366337,0.463768115942029,1.0,0.463768115942029,0.0,0.5,32,37,0,0,69
high_score_rate_0_2,low_is_c3,-1.0,0.6336633663366337,0.463768115942029,1.0,0.463768115942029,0.0,0.5,32,37,0,0,69
high_score_rate_0_3,high_is_c3,0.5384615384615384,0.6336633663366337,0.463768115942029,1.0,0.463768115942029,0.0,0.5,32,37,0,0,69
high_score_rate_0_4,high_is_c3,0.5,0.6336633663366337,0.463768115942029,1.0,0.463768115942029,0.0,0.5,32,37,0,0,69
high_score_rate_0_4,low_is_c3,-1.0,0.6336633663366337,0.463768115942029,1.0,0.463768115942029,0.0,0.5,32,37,0,0,69
high_score_rate_0_5,high_is_c3,0.2857142857142857,0.6336633663366337,0.463768115942029,1.0,0.463768115942029,0.0,0.5,32,37,0,0,69
high_score_rate_0_6,high_is_c3,0.2857142857142857,0.6336633663366337,0.463768115942029,1.0,0.463768115942029,0.0,0.5,32,37,0,0,69
high_score_rate_0_9,high_is_c3,0.06666666666666667,0.6336633663366337,0.463768115942029,1.0,0.463768115942029,0.0,0.5,32,37,0,0,69
low_score_rate_0_1,high_is_c3,0.0,0.6336633663366337,0.463768115942029,1.0,0.463768115942029,0.0,0.5,32,37,0,0,69
low_score_rate_0_2,high_is_c3,0.0,0.6336633663366337,0.463768115942029,1.0,0.463768115942029,0.0,0.5,32,37,0,0,69
low_score_rate_0_2,low_is_c3,-0.46153846153846156,0.6336633663366337,0.463768115942029,1.0,0.463768115942029,0.0,0.5,32,37,0,0,69
low_score_rate_0_3,low_is_c3,-0.46153846153846156,0.6336633663366337,0.463768115942029,1.0,0.463768115942029,0.0,0.5,32,37,0,0,69
low_score_rate_0_4,high_is_c3,0.0,0.6336633663366337,0.463768115942029,1.0,0.463768115942029,0.0,0.5,32,37,0,0,69
low_score_rate_0_4,low_is_c3,-0.5,0.6336633663366337,0.463768115942029,1.0,0.463768115942029,0.0,0.5,32,37,0,0,69
low_score_rate_0_5,low_is_c3,-0.7142857142857143,0.6336633663366337,0.463768115942029,1.0,0.463768115942029,0.0,0.5,32,37,0,0,69
low_score_rate_0_6,low_is_c3,-0.7142857142857143,0.6336633663366337,0.463768115942029,1.0,0.463768115942029,0.0,0.5,32,37,0,0,69
low_score_rate_0_9,low_is_c3,-0.9333333333333333,0.6336633663366337,0.463768115942029,1.0,0.463768115942029,0.0,0.5,32,37,0,0,69
low_tail_penalty_score,high_is_c3,-0.027579829391457866,0.6336633663366337,0.463768115942029,1.0,0.463768115942029,0.0,0.5,32,37,0,0,69
num_phases,low_is_c3,-10.0,0.6336633663366337,0.463768115942029,1.0,0.463768115942029,0.0,0.5,32,37,0,0,69
num_roles,high_is_c3,4.0,0.6336633663366337,0.463768115942029,1.0,0.463768115942029,0.0,0.5,32,37,0,0,69
num_roles,low_is_c3,-5.0,0.6336633663366337,0.463768115942029,1.0,0.463768115942029,0.0,0.5,32,37,0,0,69
num_turns,high_is_c3,13.0,0.6336633663366337,0.463768115942029,1.0,0.463768115942029,0.0,0.5,32,37,0,0,69
strict_high_low_gap_0_9_0_5,high_is_c3,-0.4285714285714286,0.6336633663366337,0.463768115942029,1.0,0.463768115942029,0.0,0.5,32,37,0,0,69
worst_score,high_is_c3,3.7912802139559533e-10,0.6336633663366337,0.463768115942029,1.0,0.463768115942029,0.0,0.5,32,37,0,0,69
