score_key,direction,threshold,f1,precision,recall,accuracy,tp,fp,tn,fn,pred_count
consistency_score_file_mean,low_is_c3,-0.4339586321470037,0.5,1.0,0.3333333333333333,0.9811320754716981,1,0,103,2,1
low_score_rate_0_2,high_is_c3,0.46153846153846156,0.5,1.0,0.3333333333333333,0.9811320754716981,1,0,103,2,1
high_score_rate_0_2,low_is_c3,-0.5384615384615384,0.5,1.0,0.3333333333333333,0.9811320754716981,1,0,103,2,1
phase_count::LanguageChoose,high_is_c3,3.0,0.4,0.5,0.3333333333333333,0.9716981132075472,1,1,102,2,2
high_score_rate_0_8,low_is_c3,-0.2,0.33333333333333337,0.2,1.0,0.8867924528301887,3,12,91,0,15
phase_mean::CodeReviewComment,low_is_c3,-0.07626841527679468,0.2857142857142857,0.16666666666666666,1.0,0.8584905660377359,3,15,88,0,18
role_mean::Code Reviewer,low_is_c3,-0.07626841527679468,0.2857142857142857,0.16666666666666666,1.0,0.8584905660377359,3,15,88,0,18
low_score_rate_0_4,high_is_c3,0.46153846153846156,0.25,0.2,0.3333333333333333,0.9433962264150944,1,4,99,2,5
consistency_score_file_q10,low_is_c3,-0.01412474192026519,0.25,0.14285714285714285,1.0,0.8301886792452831,3,18,85,0,21
phase_low05::CodeReviewComment,high_is_c3,1.0,0.21428571428571425,0.12,1.0,0.7924528301886793,3,22,81,0,25
role_low05::Code Reviewer,high_is_c3,1.0,0.21428571428571425,0.12,1.0,0.7924528301886793,3,22,81,0,25
consistency_score_file_median,low_is_c3,-0.5005845039073002,0.15384615384615383,0.1,0.3333333333333333,0.8962264150943396,1,9,94,2,10
role_mean::Chief Product Officer,low_is_c3,-0.6947858622827704,0.13953488372093023,0.075,1.0,0.6509433962264151,3,37,66,0,40
consistency_score_file_q25,low_is_c3,-0.22270016200956705,0.13793103448275862,0.07692307692307693,0.6666666666666666,0.7641509433962265,2,24,79,1,26
phase_mean::DemandAnalysis,low_is_c3,-0.7084752844842446,0.13636363636363635,0.07317073170731707,1.0,0.6415094339622641,3,38,65,0,41
low_score_rate_0_5,high_is_c3,0.46153846153846156,0.11764705882352941,0.07142857142857142,0.3333333333333333,0.8584905660377359,1,13,90,2,14
num_turns,high_is_c3,15.0,0.10526315789473684,0.0625,0.3333333333333333,0.839622641509434,1,15,88,2,16
role_mean::Programmer,low_is_c3,-0.4654138698687638,0.10526315789473684,0.05714285714285714,0.6666666666666666,0.6792452830188679,2,33,70,1,35
phase_mean::Manual,high_is_c3,0.7784616025724277,0.09090909090909091,0.05263157894736842,0.3333333333333333,0.8113207547169812,1,18,85,2,19
phase_mean::Coding,high_is_c3,0.7265406813524644,0.0909090909090909,0.04878048780487805,0.6666666666666666,0.6226415094339622,2,39,64,1,41
phase_mean::EnvironmentDoc,low_is_c3,-0.7126174033222206,0.0909090909090909,0.04878048780487805,0.6666666666666666,0.6226415094339622,2,39,64,1,41
consistency_score_file_std,high_is_c3,0.31818308257652184,0.08955223880597014,0.046875,1.0,0.42452830188679247,3,61,42,0,64
phase_mean::LanguageChoose,high_is_c3,0.9999996118439275,0.08888888888888889,0.047619047619047616,0.6666666666666666,0.6132075471698113,2,40,63,1,42
role_mean::Chief Technology Officer,high_is_c3,0.9999996118439275,0.08888888888888889,0.047619047619047616,0.6666666666666666,0.6132075471698113,2,40,63,1,42
phase_mean::CodeReviewModification,low_is_c3,-0.09892711504985122,0.08695652173913045,0.05,0.3333333333333333,0.8018867924528302,1,19,84,2,20
phase_mean::LanguageChoose,low_is_c3,-0.9999997489836121,0.08695652173913045,0.045454545454545456,1.0,0.4056603773584906,3,63,40,0,66
role_low05::Chief Product Officer,low_is_c3,-0.0,0.08695652173913045,0.045454545454545456,1.0,0.4056603773584906,3,63,40,0,66
role_mean::Chief Technology Officer,low_is_c3,-0.9999997489836121,0.08695652173913045,0.045454545454545456,1.0,0.4056603773584906,3,63,40,0,66
phase_low05::DemandAnalysis,low_is_c3,-0.0,0.08450704225352113,0.04411764705882353,1.0,0.3867924528301887,3,65,38,0,68
phase_mean::Coding,low_is_c3,-0.7557576559048766,0.0821917808219178,0.04285714285714286,1.0,0.36792452830188677,3,67,36,0,70
phase_mean::Reflection,high_is_c3,0.5005845039073002,0.0821917808219178,0.04285714285714286,1.0,0.36792452830188677,3,67,36,0,70
role_mean::Chief Executive Officer,high_is_c3,0.5005845039073002,0.0821917808219178,0.04285714285714286,1.0,0.36792452830188677,3,67,36,0,70
phase_mean::Manual,low_is_c3,-0.6666528507412537,0.08,0.0425531914893617,0.6666666666666666,0.5660377358490566,2,45,58,1,47
phase_count::DemandAnalysis,low_is_c3,-2.0,0.07792207792207792,0.04054054054054054,1.0,0.330188679245283,3,71,32,0,74
phase_mean::Reflection,low_is_c3,-0.844385022617011,0.07692307692307693,0.04,1.0,0.32075471698113206,3,72,31,0,75
role_mean::Chief Executive Officer,low_is_c3,-0.844385022617011,0.07692307692307693,0.04,1.0,0.32075471698113206,3,72,31,0,75
phase_count::EnvironmentDoc,low_is_c3,-1.0,0.07594936708860758,0.039473684210526314,1.0,0.3113207547169811,3,73,30,0,76
phase_count::Reflection,high_is_c3,1.0,0.07594936708860758,0.039473684210526314,1.0,0.3113207547169811,3,73,30,0,76
consistency_score_file_std,low_is_c3,-0.36322655671015097,0.07500000000000001,0.03896103896103896,1.0,0.3018867924528302,3,74,29,0,77
num_phases,high_is_c3,8.0,0.07407407407407407,0.038461538461538464,1.0,0.29245283018867924,3,75,28,0,78
phase_mean::DemandAnalysis,high_is_c3,0.6447077977018414,0.07228915662650602,0.0375,1.0,0.27358490566037735,3,77,26,0,80
phase_low05::CodeReviewModification,high_is_c3,0.3333333333333333,0.07058823529411765,0.036585365853658534,1.0,0.25471698113207547,3,79,24,0,82
phase_mean::EnvironmentDoc,high_is_c3,0.5964398899267067,0.07058823529411765,0.036585365853658534,1.0,0.25471698113207547,3,79,24,0,82
phase_low05::LanguageChoose,low_is_c3,-0.0,0.07058823529411765,0.036585365853658534,1.0,0.25471698113207547,3,79,24,0,82
role_low05::Chief Technology Officer,low_is_c3,-0.0,0.07058823529411765,0.036585365853658534,1.0,0.25471698113207547,3,79,24,0,82
role_mean::Chief Product Officer,high_is_c3,0.6520228153816455,0.0689655172413793,0.03571428571428571,1.0,0.2358490566037736,3,81,22,0,84
role_mean::Programmer,high_is_c3,0.4008754198053967,0.0689655172413793,0.03571428571428571,1.0,0.2358490566037736,3,81,22,0,84
role_low05::Programmer,high_is_c3,0.2,0.06741573033707865,0.03488372093023256,1.0,0.2169811320754717,3,83,20,0,86
phase_mean::CodeReviewModification,high_is_c3,0.09892711504985122,0.06666666666666667,0.034482758620689655,1.0,0.20754716981132076,3,84,19,0,87
num_turns,low_is_c3,-13.0,0.06557377049180328,0.034482758620689655,0.6666666666666666,0.46226415094339623,2,56,47,1,58
phase_low05::Coding,low_is_c3,-0.0,0.06557377049180328,0.034482758620689655,0.6666666666666666,0.46226415094339623,2,56,47,1,58
phase_low05::CodeReviewModification,low_is_c3,-0.3333333333333333,0.06451612903225806,0.03389830508474576,0.6666666666666666,0.4528301886792453,2,57,46,1,59
phase_low05::EnvironmentDoc,low_is_c3,-0.0,0.06382978723404255,0.03296703296703297,1.0,0.16981132075471697,3,88,15,0,91
role_low05::Programmer,low_is_c3,-0.4,0.06349206349206349,0.03333333333333333,0.6666666666666666,0.44339622641509435,2,58,45,1,60
consistency_score_file_q25,high_is_c3,0.10442118550655298,0.0625,0.03225806451612903,1.0,0.1509433962264151,3,90,13,0,93
consistency_score_file_q10,high_is_c3,0.009106383064464638,0.06185567010309278,0.031914893617021274,1.0,0.14150943396226415,3,91,12,0,94
phase_mean::CodeReviewComment,high_is_c3,0.03886860680164551,0.06185567010309278,0.031914893617021274,1.0,0.14150943396226415,3,91,12,0,94
role_mean::Code Reviewer,high_is_c3,0.03886860680164551,0.06185567010309278,0.031914893617021274,1.0,0.14150943396226415,3,91,12,0,94
num_phases,low_is_c3,-8.0,0.06060606060606061,0.03125,1.0,0.12264150943396226,3,93,10,0,96
consistency_score_file_median,high_is_c3,0.5005845039073002,0.06000000000000001,0.030927835051546393,1.0,0.11320754716981132,3,94,9,0,97
low_score_rate_0_5,low_is_c3,-0.46153846153846156,0.06000000000000001,0.030927835051546393,1.0,0.11320754716981132,3,94,9,0,97
high_score_rate_0_8,high_is_c3,0.15384615384615385,0.05940594059405941,0.030612244897959183,1.0,0.10377358490566038,3,95,8,0,98
phase_count::CodeReviewModification,low_is_c3,-3.0,0.058252427184466014,0.03,1.0,0.08490566037735849,3,97,6,0,100
phase_low05::Manual,low_is_c3,-0.0,0.058252427184466014,0.03,1.0,0.08490566037735849,3,97,6,0,100
phase_mean::TestErrorSummary,low_is_c3,-0.0,0.058252427184466014,0.03,1.0,0.08490566037735849,3,97,6,0,100
phase_count::TestErrorSummary,low_is_c3,-0.0,0.058252427184466014,0.03,1.0,0.08490566037735849,3,97,6,0,100
phase_low05::Reflection,low_is_c3,-0.0,0.05769230769230769,0.0297029702970297,1.0,0.07547169811320754,3,98,5,0,101
phase_mean::TestModification,low_is_c3,-0.0,0.05769230769230769,0.0297029702970297,1.0,0.07547169811320754,3,98,5,0,101
phase_count::TestModification,low_is_c3,-0.0,0.05769230769230769,0.0297029702970297,1.0,0.07547169811320754,3,98,5,0,101
role_low05::Chief Executive Officer,low_is_c3,-0.0,0.05769230769230769,0.0297029702970297,1.0,0.07547169811320754,3,98,5,0,101
phase_low05::TestModification,low_is_c3,-0.0,0.05660377358490566,0.02912621359223301,1.0,0.05660377358490566,3,100,3,0,103
low_score_rate_0_4,low_is_c3,-0.46153846153846156,0.05607476635514019,0.028846153846153848,1.0,0.04716981132075472,3,101,2,0,104
phase_mean::CodeComplete,low_is_c3,-0.0,0.05607476635514019,0.028846153846153848,1.0,0.04716981132075472,3,101,2,0,104
phase_count::CodeComplete,low_is_c3,-0.0,0.05607476635514019,0.028846153846153848,1.0,0.04716981132075472,3,101,2,0,104
phase_low05::CodeComplete,low_is_c3,-0.0,0.05555555555555556,0.02857142857142857,1.0,0.03773584905660377,3,102,1,0,105
phase_count::CodeReviewComment,low_is_c3,-3.0,0.05555555555555556,0.02857142857142857,1.0,0.03773584905660377,3,102,1,0,105
phase_count::LanguageChoose,low_is_c3,-3.0,0.05555555555555556,0.02857142857142857,1.0,0.03773584905660377,3,102,1,0,105
consistency_score_file_mean,high_is_c3,0.4339586321470037,0.055045871559633024,0.02830188679245283,1.0,0.02830188679245283,3,103,0,0,106
low_score_rate_0_2,low_is_c3,-0.46153846153846156,0.055045871559633024,0.02830188679245283,1.0,0.02830188679245283,3,103,0,0,106
high_score_rate_0_2,high_is_c3,0.5384615384615384,0.055045871559633024,0.02830188679245283,1.0,0.02830188679245283,3,103,0,0,106
phase_mean::CodeComplete,high_is_c3,0.0,0.055045871559633024,0.02830188679245283,1.0,0.02830188679245283,3,103,0,0,106
phase_low05::CodeComplete,high_is_c3,0.0,0.055045871559633024,0.02830188679245283,1.0,0.02830188679245283,3,103,0,0,106
phase_count::CodeComplete,high_is_c3,0.0,0.055045871559633024,0.02830188679245283,1.0,0.02830188679245283,3,103,0,0,106
phase_low05::CodeReviewComment,low_is_c3,-1.0,0.055045871559633024,0.02830188679245283,1.0,0.02830188679245283,3,103,0,0,106
phase_count::CodeReviewComment,high_is_c3,3.0,0.055045871559633024,0.02830188679245283,1.0,0.02830188679245283,3,103,0,0,106
phase_count::CodeReviewModification,high_is_c3,3.0,0.055045871559633024,0.02830188679245283,1.0,0.02830188679245283,3,103,0,0,106
phase_low05::Coding,high_is_c3,0.0,0.055045871559633024,0.02830188679245283,1.0,0.02830188679245283,3,103,0,0,106
phase_count::Coding,high_is_c3,1.0,0.055045871559633024,0.02830188679245283,1.0,0.02830188679245283,3,103,0,0,106
phase_count::Coding,low_is_c3,-1.0,0.055045871559633024,0.02830188679245283,1.0,0.02830188679245283,3,103,0,0,106
phase_low05::DemandAnalysis,high_is_c3,0.0,0.055045871559633024,0.02830188679245283,1.0,0.02830188679245283,3,103,0,0,106
phase_count::DemandAnalysis,high_is_c3,2.0,0.055045871559633024,0.02830188679245283,1.0,0.02830188679245283,3,103,0,0,106
phase_low05::EnvironmentDoc,high_is_c3,0.0,0.055045871559633024,0.02830188679245283,1.0,0.02830188679245283,3,103,0,0,106
phase_count::EnvironmentDoc,high_is_c3,1.0,0.055045871559633024,0.02830188679245283,1.0,0.02830188679245283,3,103,0,0,106
phase_low05::LanguageChoose,high_is_c3,0.0,0.055045871559633024,0.02830188679245283,1.0,0.02830188679245283,3,103,0,0,106
phase_low05::Manual,high_is_c3,0.0,0.055045871559633024,0.02830188679245283,1.0,0.02830188679245283,3,103,0,0,106
phase_count::Manual,high_is_c3,1.0,0.055045871559633024,0.02830188679245283,1.0,0.02830188679245283,3,103,0,0,106
phase_count::Manual,low_is_c3,-1.0,0.055045871559633024,0.02830188679245283,1.0,0.02830188679245283,3,103,0,0,106
phase_low05::Reflection,high_is_c3,0.0,0.055045871559633024,0.02830188679245283,1.0,0.02830188679245283,3,103,0,0,106
phase_count::Reflection,low_is_c3,-1.0,0.055045871559633024,0.02830188679245283,1.0,0.02830188679245283,3,103,0,0,106
phase_mean::TestErrorSummary,high_is_c3,0.0,0.055045871559633024,0.02830188679245283,1.0,0.02830188679245283,3,103,0,0,106
phase_low05::TestErrorSummary,high_is_c3,0.0,0.055045871559633024,0.02830188679245283,1.0,0.02830188679245283,3,103,0,0,106
phase_low05::TestErrorSummary,low_is_c3,-0.0,0.055045871559633024,0.02830188679245283,1.0,0.02830188679245283,3,103,0,0,106
phase_count::TestErrorSummary,high_is_c3,0.0,0.055045871559633024,0.02830188679245283,1.0,0.02830188679245283,3,103,0,0,106
phase_mean::TestModification,high_is_c3,0.0,0.055045871559633024,0.02830188679245283,1.0,0.02830188679245283,3,103,0,0,106
phase_low05::TestModification,high_is_c3,0.0,0.055045871559633024,0.02830188679245283,1.0,0.02830188679245283,3,103,0,0,106
phase_count::TestModification,high_is_c3,0.0,0.055045871559633024,0.02830188679245283,1.0,0.02830188679245283,3,103,0,0,106
role_low05::Chief Executive Officer,high_is_c3,0.0,0.055045871559633024,0.02830188679245283,1.0,0.02830188679245283,3,103,0,0,106
role_low05::Chief Product Officer,high_is_c3,0.0,0.055045871559633024,0.02830188679245283,1.0,0.02830188679245283,3,103,0,0,106
role_low05::Chief Technology Officer,high_is_c3,0.0,0.055045871559633024,0.02830188679245283,1.0,0.02830188679245283,3,103,0,0,106
role_low05::Code Reviewer,low_is_c3,-1.0,0.055045871559633024,0.02830188679245283,1.0,0.02830188679245283,3,103,0,0,106
