cluster,label,max_containment_overlap,max_jaccard_overlap,nearest_labels_by_cosine_overlap,num_files
1,1.1,1.0,0.3269230769230769,2.6:0.494(17); 2.3:0.446(11); 2.2:0.408(12); 2.4:0.354(4),32
2,1.3,1.0,0.6346153846153846,1.5:0.781(33); 2.2:0.505(18); 2.6:0.480(20); 2.3:0.468(14),47
3,1.4,1.0,0.8,2.1:0.894(4); 1.5:0.363(5); 1.3:0.326(5); 2.4:0.224(1),5
2,1.5,1.0,0.6346153846153846,1.3:0.781(33); 2.6:0.560(21); 2.3:0.558(15); 2.2:0.531(17),38
3,2.1,1.0,0.8,1.4:0.894(4); 1.5:0.324(4); 1.3:0.292(4); 2.4:0.250(1),4
2,2.2,1.0,0.4375,2.3:0.618(14); 1.5:0.531(17); 2.6:0.506(16); 1.3:0.505(18),27
2,2.3,1.0,0.4375,2.2:0.618(14); 1.5:0.558(15); 1.3:0.468(14); 2.4:0.459(4),19
4,2.4,1.0,0.21052631578947367,2.3:0.459(4); 2.2:0.385(4); 1.1:0.354(4); 1.5:0.324(4),4
2,2.6,0.75,0.3888888888888889,1.5:0.560(21); 2.2:0.506(16); 1.1:0.494(17); 1.3:0.480(20),37
